amenities,wifi,furnished,Heat,Hydro,Water,pets,airConditioning,smoking,outdoorSpace,squareFootage,parkingAvailability,leasePeriod,bedrooms,bathrooms,buildingType,rent,location,laundry,dishwasher,fridge
,,No,Yes,No,Yes,No,No,No,Yard;;,550,1,1 Year,2,1,Basement,$1900,Halifax; NS B3N,Laundry (In Unit),,Fridge / Freezer
Gym;;;;Bicycle Parking;;Elevator in Building;,,No,Yes,No,Yes,No,Yes,No,;Balcony;,Not Available,0,1 Year,1 + Den,1,Apartment,Please Contact,230 Larry Uteck Blvd; Bedford; NS; B3N 0N1,Laundry (In Unit),Dishwasher,Fridge / Freezer
;;;;;;Elevator in Building;,,No,Yes,No,Yes,Limited,No,Yes,,Not Available,1,1 Year,2,1,Apartment,Please Contact,30 Ridgevalley Road; Halifax; NS; B3P 2J8,Laundry (In Building),,Fridge / Freezer
;;;;Bicycle Parking;;Elevator in Building;,,No,Yes,No,Yes,Limited,No,Yes,,Not Available,0,1 Year,1,1,Apartment,Please Contact,5651 Ogilvie Street; Halifax; NS; B3H 1B9,Laundry (In Building),,Fridge / Freezer
Gym;;Concierge;24 Hour Security;Bicycle Parking;;Elevator in Building;,,No,Yes,No,Yes,Limited,No,No,;Balcony;,Not Available,0,1 Year,1,1,Apartment,Please Contact,1545 / 1551 South Park Street; Halifax; NS; B3J 4B3,Laundry (In Unit),Dishwasher,Fridge / Freezer
;Pool;;;Bicycle Parking;;Elevator in Building;,,No,Yes,No,Yes,Limited,No,Yes,,Not Available,0,1 Year,1,1,Apartment,Please Contact,5415 Victoria Road; Halifax; NS; B3H 4K5,Laundry (In Building),,Fridge / Freezer
Gym;;;;;;Elevator in Building;,,No,No,No,Yes,Yes,Yes,No,;Balcony;,1;050,1,Not Available,2,2,Apartment,$2900,5633 Fenwick Street; Halifax; NS; B3H 4M2,Laundry (In Unit),Dishwasher,Fridge / Freezer
Gym;;;;;;Elevator in Building;,,No,No,No,Yes,Yes,Yes,No,;Balcony;,800,1,Not Available,2,1,Apartment,$2600,5633 Fenwick Street; Halifax; NS; B3H 4M2,Laundry (In Unit),Dishwasher,Fridge / Freezer
Gym;;;;;;Elevator in Building;,,No,No,No,Yes,Yes,Yes,No,;Balcony;,500,1,Not Available,Bachelor/Studio,1,Apartment,$1995,5633 Fenwick Street; Halifax; NS; B3H 4M2,Laundry (In Unit),Dishwasher,Fridge / Freezer
Gym;;;;;;Elevator in Building;,,No,No,No,Yes,Yes,Yes,No,;Balcony;,800,1,Not Available,1,1,Apartment,$2450,5633 Fenwick Street; Halifax; NS; B3H 4M2,Laundry (In Unit),Dishwasher,Fridge / Freezer
;;;;;Storage Space;Elevator in Building;,,No,No,No,Yes,Yes,No,No,,583,1,Not Available,1,1,Apartment,$1995,1585 Oxford Street; Halifax; NS; B3H 3Z3,,Dishwasher,Fridge / Freezer
;;;;;Storage Space;Elevator in Building;,,No,No,No,Yes,Yes,No,No,,475,1,Not Available,1,1,Apartment,$1850,1545 Oxford Street; Halifax; NS; B3H 3Z3,,,Fridge / Freezer
,,No,,,,Yes,Yes,No,,1,1,Not Available,2,1,Basement,$2250,29 McIntosh Street; Halifax; NS; B3R 1G9,Laundry (In Unit),Dishwasher,Fridge / Freezer
,,No,,,,No,No,No,,300,0,Month-to-month,2,1,Apartment,Please Contact,141 Harlington Crescent; Halifax; NS B3M 3M9,,,
;;;24 Hour Security;;;Elevator in Building;,,No,Yes,No,Yes,No,No,No,;Balcony;,Not Available,0,1 Year,2,1,Apartment,$2295,5511 Charles St.; Halifax; NS; B3K 1K1,Laundry (In Building),Dishwasher,Fridge / Freezer
Gym;;;24 Hour Security;Bicycle Parking;Storage Space;;,,No,,,,Limited,No,No,,1;668,0,1 Year,2 + Den,3,Apartment,$4615,7037 Mumford Rd; Halifax; NS; B3L 2J1,Laundry (In Unit),Dishwasher,Fridge / Freezer
Gym;;;24 Hour Security;Bicycle Parking;Storage Space;;,,No,,,,Limited,No,No,,1;238,0,1 Year,2,2,Apartment,$3695,7037 Mumford Rd; Halifax; NS; B3L 2J1,Laundry (In Unit),Dishwasher,Fridge / Freezer
Gym;;;24 Hour Security;Bicycle Parking;Storage Space;;,,No,Yes,No,Yes,No,No,No,,530,0,1 Year,1,1,Apartment,$2195,1530 Birmingham Street; Halifax; NS; B3J 0B5,Laundry (In Unit),Dishwasher,Fridge / Freezer
Gym;;;;Bicycle Parking;Storage Space;;,,No,Yes,No,Yes,No,No,No,,788,0,1 Year,1 + Den,1,Apartment,$2195,1530 Birmingham Street; Halifax; NS; B3J 0B5,Laundry (In Unit),Dishwasher,Fridge / Freezer
Gym;;;24 Hour Security;;Storage Space;;,,No,Yes,No,Yes,No,No,No,,689,0,1 Year,1 + Den,1,Apartment,$2145,1530 Birmingham Street; Halifax; NS; B3J 0B5,Laundry (In Unit),,Fridge / Freezer
Gym;;;;Bicycle Parking;Storage Space;Elevator in Building;,,No,Yes,No,Yes,Yes,Yes,No,;Balcony;,531,0,1 Year,1,1,Apartment,$1863,2710 Agricola St; Halifax; NS B3K 0J7,Laundry (In Unit),Dishwasher,Fridge / Freezer
;;;24 Hour Security;;;;,,No,Yes,No,Yes,No,No,No,,Not Available,1,1 Year,2,1,Apartment,$1795,132 Old Sambro Road; Halifax; NS; B3R 1R3,Laundry (In Building),Dishwasher,Fridge / Freezer
,,No,Yes,Yes,Yes,Limited,Yes,No,Yard;Balcony;,Not Available,3+,1 Year,4,1.5,House,$2900,Juniper Crescent; Halifax; NS; B3R 2H4,Laundry (In Unit),Dishwasher,Fridge / Freezer
Gym;;Concierge;;Bicycle Parking;;Elevator in Building;,Cable / TV;Internet;,Yes,Yes,Yes,Yes,Limited,No,No,;Balcony;,Not Available,1,1 Year,1,1,Apartment,$2000,Dunbrack Street; Halifax; NS; B3M 3G7,Laundry (In Building),Dishwasher,Fridge / Freezer
;;;24 Hour Security;;;Elevator in Building;,,No,Yes,No,Yes,No,No,No,;Balcony;,Not Available,0,1 Year,2,1,Apartment,$2295,5511 Charles St.; Halifax; NS; B3K 1K1,Laundry (In Building),Dishwasher,Fridge / Freezer
;;;;;;Elevator in Building;,,No,,,,Yes,Yes,No,;Balcony;,Not Available,0,1 Year,2,2,Apartment,$2475,3075 Devonshire Avenue; Halifax; NS; B3K 0H5,Laundry (In Unit),Dishwasher,Fridge / Freezer
,,No,No,No,Yes,Yes,No,No,Yard;;,1;250,3+,1 Year,3 + Den,1,House,$2700,Halifax; NS B3N 2E1,Laundry (In Unit),Dishwasher,Fridge / Freezer
;;;24 Hour Security;Bicycle Parking;Storage Space;Elevator in Building;,,No,Yes,No,Yes,Limited,No,No,;Balcony;,813,0,1 Year,2,1,Apartment,Please Contact,5536 Sackville Street; Halifax; NS,Laundry (In Unit),Dishwasher,Fridge / Freezer
;;;;;Storage Space;Elevator in Building;,,No,Yes,No,Yes,Limited,Yes,No,;Balcony;,700,1,1 Year,1,1,Apartment,$1895,Supreme Court; Halifax; NS,Laundry (In Unit),Dishwasher,Fridge / Freezer
Gym;;;;;Storage Space;;,,No,Yes,No,Yes,Limited,No,No,;Balcony;,1;179,0,1 Year,2,2,Apartment,$2210,16 Bently Drive; Halifax; NS; B3S 0G9,Laundry (In Unit),,
Gym;;;24 Hour Security;Bicycle Parking;Storage Space;Elevator in Building;,,No,Yes,No,Yes,No,Yes,No,,798,0,1 Year,1,1,Apartment,Please Contact,Halifax; NS B3K 4W5,Laundry (In Unit),Dishwasher,Fridge / Freezer
Gym;;;24 Hour Security;Bicycle Parking;Storage Space;Elevator in Building;,,No,Yes,No,Yes,Limited,Yes,No,,1;000,0,1 Year,2,2,Apartment,Please Contact,Halifax; NS B3K 4W5,Laundry (In Unit),Dishwasher,Fridge / Freezer
,,No,Yes,No,Yes,No,No,No,Yard;;,Not Available,1,1 Year,3,1,Apartment,$2700,6353 Edinburgh St; Halifax; NS; B3L 1W3,Laundry (In Building),,Fridge / Freezer
,,No,,,,Yes,Yes,No,,700,1,1 Year,1 + Den,1,Apartment,Please Contact,2901 Windsor St; Halifax; B3K 5E5,,,
Gym;;;24 Hour Security;Bicycle Parking;;Elevator in Building;,,No,No,No,Yes,No,Yes,No,;Balcony;,Not Available,0,1 Year,2,1,Apartment,$2595,5620 South Street; Halifax; NS; B3J 0A7,Laundry (In Building),Dishwasher,Fridge / Freezer
;;;;;Storage Space;;,Cable / TV;Internet;,Yes,Yes,Yes,Yes,Yes,Yes,Yes,Yard;;,999,1,Month-to-month,2,1.5,Apartment,$1600,Halifax; NS B3H 2X3,Laundry (In Unit),Dishwasher,Fridge / Freezer
,,No,Yes,No,Yes,No,No,No,;Balcony;,Not Available,1,1 Year,1,1,Apartment,$1750,2 SYBYL COURT; HALIFAX; NS; B3M 1G8,Laundry (In Building),Dishwasher,Fridge / Freezer
,,No,Yes,No,Yes,Limited,No,No,Yard;Balcony;,Not Available,1,1 Year,2,1,Apartment,$1975,6345 Edinburgh St; Halifax; NS; B3L 1W3,Laundry (In Building),,Fridge / Freezer
;;;;;;Elevator in Building;,,No,Yes,No,Yes,Limited,Yes,No,;Balcony;,1;385,0,1 Year,2 + Den,2,Apartment,$2495,Appaloosa Run; Hammonds Plains; NS,Laundry (In Unit),Dishwasher,Fridge / Freezer
,,No,,,,Limited,No,Outdoors only,Yard;Balcony;,2;500,2,1 Year,3,2.5,House,$2500,Broadholme Lane; Halifax; NS,Laundry (In Unit),,
,,No,No,No,Yes,No,No,Outdoors only,;Balcony;,1,0,1 Year,1,1,Apartment,$1795,2360 Hunter Street; Halifax; NS; B3K 4V6,Laundry (In Building),,Fridge / Freezer
;;;;;;Elevator in Building;,,No,Yes,No,Yes,Limited,Yes,No,;Balcony;,790,0,1 Year,1,1,Apartment,$1895,Appaloosa Run; Hammonds Plains; NS,Laundry (In Unit),Dishwasher,Fridge / Freezer
;;;;;;Elevator in Building;,,No,Yes,No,Yes,Limited,Yes,No,;Balcony;,1;010,0,1 Year,1 + Den,1.5,Apartment,$1995,Appaloosa Run; Hammonds Plains; NS,Laundry (In Unit),Dishwasher,Fridge / Freezer
,,No,,,,Yes,No,No,Yard;Balcony;,Not Available,0,1 Year,5+,1.5,House,$1375,1686 Robie St; Halifax; NS; B3H 3E7,Laundry (In Unit),Dishwasher,Fridge / Freezer
;;;;Bicycle Parking;;;,,No,No,No,Yes,No,Yes,No,;Balcony;,Not Available,0,1 Year,2,1,Apartment,$2600,1134 Tower Rd; Halifax; NS; B3H 2Y5,Laundry (In Unit),Dishwasher,Fridge / Freezer
,,No,Yes,Yes,Yes,Yes,No,Outdoors only,;Balcony;,1;700,0,1 Year,3,3,Apartment,$3900,5547 Inglis Street; Halifax; NS,Laundry (In Unit),,
Gym;;;24 Hour Security;Bicycle Parking;Storage Space;;,,No,Yes,No,Yes,No,No,No,,1;437,0,1 Year,2 + Den,2,Apartment,$4195,5450 Kaye Street; Halifax; NS; B3K 0G7,Laundry (In Unit),Dishwasher,Fridge / Freezer
;;;;;;Elevator in Building;,,No,Yes,No,Yes,Limited,No,Yes,,Not Available,1,1 Year,2,1,Apartment,Please Contact,30 Ridgevalley Road; Halifax; NS; B3P 2J8,Laundry (In Building),,Fridge / Freezer
,,No,,,,No,No,No,,4;400,0,1 Year,3,3,House,$3995,12 Palmer Hill; Halifax; NS; B3N 1S5,Laundry (In Unit),Dishwasher,Fridge / Freezer
;Pool;;;Bicycle Parking;;Elevator in Building;,,No,Yes,No,Yes,Limited,No,Yes,,Not Available,0,1 Year,1,1,Apartment,Please Contact,5415 Victoria Road; Halifax; NS; B3H 4K5,Laundry (In Building),,Fridge / Freezer
Gym;;;;Bicycle Parking;;Elevator in Building;,,No,Yes,No,Yes,No,Yes,No,;Balcony;,Not Available,0,1 Year,1 + Den,1,Apartment,Please Contact,230 Larry Uteck Blvd; Bedford; NS; B3N 0N1,Laundry (In Unit),Dishwasher,Fridge / Freezer
,,No,No,No,Yes,No,Yes,No,;Balcony;,1;000,1,1 Year,2 + Den,2,Apartment,$2200,Adelaide Avenue; Halifax; NS,Laundry (In Unit),Dishwasher,Fridge / Freezer
,,No,,,,Yes,No,No,,Not Available,0,1 Year,1,1,Apartment,Please Contact,1715 Lower Water St; Halifax; NS; B3L 0J4,,,
,,No,,,,Yes,No,No,,Not Available,0,1 Year,1,1,Apartment,Please Contact,1715 Lower Water St; Halifax; NS; B3L 0J4,,,
;;;;;Storage Space;;,,No,,,,Yes,No,No,,861,0,1 Year,2,1,Apartment,$2095,54 Paige Plaza; Lower Sackville; NS; B4E 0J6,,,
Gym;;Concierge;24 Hour Security;;;;,,No,No,No,Yes,Limited,No,Yes,,Not Available,0,1 Year,2,2,Apartment,Please Contact,1545 / 1551 South Park Street; Halifax; NS; B3J 4B3,Laundry (In Unit),Dishwasher,Fridge / Freezer
;;;;Bicycle Parking;;;,,No,Yes,No,Yes,Limited,No,Yes,;Balcony;,Not Available,0,1 Year,1,1,Apartment,Please Contact,1015 Barrington Street; Halifax; NS; B3H 4R4,Laundry (In Unit),Dishwasher,Fridge / Freezer
Gym;;Concierge;24 Hour Security;Bicycle Parking;;Elevator in Building;,,No,Yes,No,Yes,Limited,No,No,;Balcony;,Not Available,0,1 Year,1,1,Apartment,Please Contact,1545 / 1551 South Park Street; Halifax; NS; B3J 4B3,Laundry (In Unit),Dishwasher,Fridge / Freezer
,,No,Yes,No,Yes,No,No,No,Yard;Balcony;,Not Available,1,1 Year,2,1,Apartment,$2291,6969 Bayers Road; Halifax; NS; B3L 4P3,Laundry (In Building),,Fridge / Freezer
;;;;;Storage Space;;,,No,Yes,No,Yes,Limited,No,Yes,,Not Available,1,1 Year,1,1,Apartment,$1839,85 Westgrove; 241 Willett Street; 235 Willett Street; Halifax; NS; B3M 3L7,Laundry (In Building),,Fridge / Freezer
Gym;;Concierge;;Bicycle Parking;Storage Space;Elevator in Building;,,No,Yes,No,Yes,Yes,Yes,No,;Balcony;,976,0,1 Year,2,2,Apartment,$2695,5121 Bishop Street; Halifax; NS; B3J 0E5,Laundry (In Unit),Dishwasher,Fridge / Freezer
,,No,No,No,Yes,Limited,Yes,No,Yard;;,Not Available,1,1 Year,2,1,Apartment,$2050,Main Avenue; Halifax; NS; B3M 1B2,Laundry (In Unit),Dishwasher,Fridge / Freezer
,,Yes,,,,Limited,Yes,No,Yard;Balcony;,Not Available,2,1 Year,3 + Den,3,House,$2800,John Brackett Drive; Herring Cove; NS; B3V 1G8,Laundry (In Unit),Dishwasher,Fridge / Freezer
,,Yes,,,,Limited,Yes,No,Yard;Balcony;,Not Available,3+,1 Year,2,1,House,$3200,Golf Links Road; Bedford; NS; B4A 2T8,Laundry (In Unit),Dishwasher,Fridge / Freezer
;;;;;;Elevator in Building;,,No,Yes,No,Yes,Yes,No,No,,945,0,1 Year,2,2,Apartment,$2110,3330 Barnstead Lane; Halifax; NS; B3L 0B1,,Dishwasher,
,,No,No,No,Yes,Limited,No,Outdoors only,,700,1,1 Year,1,1,Condo,$1900,Halifax; NS B3K 3R8,Laundry (In Building),,
Gym;;Concierge;24 Hour Security;Bicycle Parking;Storage Space;Elevator in Building;,,No,Yes,No,Yes,No,Yes,No,;Balcony;,510,0,1 Year,1,1,Apartment,$2075,Bilby Street; Halifax; NS,Laundry (In Unit),Dishwasher,Fridge / Freezer
,,No,Yes,No,Yes,Limited,No,No,,600,1,1 Year,1,1,Apartment,$1595,Fiske Street; Halifax; NS,Laundry (In Building),,Fridge / Freezer
,,No,,,,Limited,No,Outdoors only,,680,1,1 Year,2,1,Apartment,$2250,Main Ave; Halifax; NS B3M 1A2,,,
Gym;;;;;Storage Space;Elevator in Building;,,No,Yes,No,Yes,No,No,No,;Balcony;,1;300,1,1 Year,2,2,Apartment,$2275,35 Bently Drive; Halifax; NS,Laundry (In Unit),Dishwasher,Fridge / Freezer
;;;;;Storage Space;;,,No,Yes,No,Yes,No,No,No,;Balcony;,1;050,1,1 Year,2,1,Apartment,$2300,Philip Street; Halifax; NS,Laundry (In Building),Dishwasher,Fridge / Freezer
Gym;;;;Bicycle Parking;Storage Space;Elevator in Building;,,No,Yes,No,Yes,Limited,Yes,No,;Balcony;,729,0,1 Year,1 + Den,1,Apartment,$2075,Cunard Street; Halifax; NS,Laundry (In Unit),Dishwasher,Fridge / Freezer
;;;;;;Elevator in Building;,Cable / TV;Internet;,No,Yes,Yes,Yes,Limited,No,No,,300,0,Month-to-month,Bachelor/Studio,1,Apartment,$1994,Halifax; NS B3K 3C5,,,
;;;;Bicycle Parking;;Elevator in Building;,,No,No,No,Yes,No,Yes,No,,1;045,0,1 Year,2,2,Apartment,$2950,5560 Cunard Street; Halifax; NS,Laundry (In Unit),Dishwasher,Fridge / Freezer
,,No,No,No,Yes,Limited,No,No,,Not Available,1,1 Year,1,1.5,House,$1695,5 Saltbush; Halifax; NS; B4P 1P2,,,
,,No,,,,No,No,No,,747,0,1 Year,1,1,Apartment,$2008,200 Willet Street; Halifax; NS; B3M 3C5,Laundry (In Building),,
,,No,,,,No,No,No,,981,0,1 Year,2,1,Apartment,$2481,200 Willet Street; Halifax; NS; B3M 3C5,Laundry (In Building),,
,,No,No,No,Yes,Limited,No,No,;Balcony;,1;250,1,1 Year,2 + Den,2,Townhouse,$2650,John Parr Drive; Halifax; NS,Laundry (In Unit),Dishwasher,Fridge / Freezer
,,No,Yes,Yes,Yes,No,Yes,No,Yard;;,1;560,2,1 Year,4 + Den,2,House,$3200,Juniper Crescent; Halifax; NS,Laundry (In Unit),Dishwasher,Fridge / Freezer
,,No,,,,Yes,No,No,Yard;;,1;129,0,1 Year,2,1,Apartment,$2549,221 Glenforest Drive; Halifax; NS; B3M 1J3,Laundry (In Unit),Dishwasher,Fridge / Freezer
;;;;;Storage Space;Elevator in Building;,,No,Yes,No,Yes,Limited,No,No,;Balcony;,1;382,0,1 Year,2 + Den,2,Apartment,$2695,3807 Mont Blanc Terrace; Halifax; NS; B3K 6R9,Laundry (In Unit),Dishwasher,Fridge / Freezer
Gym;;;;Bicycle Parking;;Elevator in Building;,,No,Yes,No,Yes,No,Yes,No,,Not Available,0,1 Year,2,2,Apartment,Please Contact,5670 Spring Garden Road; Halifax; NS; B3J 1H6,Laundry (In Unit),Dishwasher,Fridge / Freezer
Gym;;;;Bicycle Parking;;Elevator in Building;,,No,Yes,No,Yes,No,Yes,No,;Balcony;,Not Available,0,1 Year,1 + Den,1,Apartment,Please Contact,230 Larry Uteck Blvd; Bedford; NS; B3N 0N1,Laundry (In Unit),Dishwasher,Fridge / Freezer
;Pool;;;Bicycle Parking;;Elevator in Building;,,No,Yes,No,Yes,Limited,No,Yes,;Balcony;,Not Available,0,1 Year,Bachelor/Studio,1,Apartment,$1612,5415 Victoria Road; Halifax; NS; B3H 4K5,Laundry (In Building),,Fridge / Freezer
;Pool;;;Bicycle Parking;;Elevator in Building;,,No,Yes,No,Yes,Limited,No,Yes,,Not Available,0,1 Year,1,1,Apartment,Please Contact,5415 Victoria Road; Halifax; NS; B3H 4K5,Laundry (In Building),,Fridge / Freezer
,,No,,,,Limited,No,Yes,,Not Available,0,1 Year,1,1,Apartment,Please Contact,1551 South Park Street; Halifax; NS; B3J 4B4,,,
;;;;;;Elevator in Building;,,No,Yes,No,Yes,Limited,No,Yes,,Not Available,1,1 Year,2,1,Apartment,Please Contact,30 Ridgevalley Road; Halifax; NS; B3P 2J8,Laundry (In Building),,Fridge / Freezer
;;;;;;Elevator in Building;,,No,Yes,No,Yes,Limited,No,Yes,,Not Available,0,1 Year,1 + Den,1,Apartment,Please Contact,5651 Ogilvie Street; Halifax; NS; B3H 1B9,Laundry (In Building),,Fridge / Freezer
;;;;Bicycle Parking;;Elevator in Building;,,No,Yes,No,Yes,Limited,No,Yes,,Not Available,0,1 Year,2,1,Apartment,Please Contact,5651 Ogilvie Street; Halifax; NS; B3H 1B9,Laundry (In Building),,Fridge / Freezer
;;;;Bicycle Parking;;Elevator in Building;,,No,Yes,No,Yes,Limited,No,Yes,,Not Available,0,1 Year,1,1,Apartment,Please Contact,5651 Ogilvie Street; Halifax; NS; B3H 1B9,Laundry (In Building),,Fridge / Freezer
;;;24 Hour Security;Bicycle Parking;Storage Space;;,,No,Yes,No,Yes,Yes,No,Yes,;Balcony;,Not Available,1,1 Year,2,1,Apartment,$2061,6969 Bayers Road; Halifax; NS; B3L 4P3,Laundry (In Building),,Fridge / Freezer
;;;;;;Elevator in Building;,,No,Yes,No,Yes,No,No,Yes,;Balcony;,1;200,1,1 Year,2,1,Apartment,$2096,6969 Bayers Road; Halifax; NS; B3L 4P3,Laundry (In Building),,Fridge / Freezer
,,No,Yes,No,Yes,No,No,No,Yard;;,550,1,1 Year,2,1,Basement,$1900,Halifax; NS B3N,Laundry (In Unit),,Fridge / Freezer
;;;;Bicycle Parking;;Elevator in Building;,,No,Yes,No,Yes,Limited,No,Yes,,Not Available,0,1 Year,1,1,Apartment,Please Contact,5651 Ogilvie Street; Halifax; NS; B3H 1B9,Laundry (In Building),,Fridge / Freezer
;;;;;Storage Space;;,,No,Yes,No,Yes,Limited,No,Yes,,Not Available,1,1 Year,1,1,Apartment,$1839,85 Westgrove; 241 Willett Street; 235 Willett Street; Halifax; NS; B3M 3L7,Laundry (In Building),,Fridge / Freezer
Gym;;;;Bicycle Parking;;Elevator in Building;,,No,Yes,No,Yes,No,Yes,No,;Balcony;,Not Available,0,1 Year,1 + Den,1,Apartment,Please Contact,230 Larry Uteck Blvd; Bedford; NS; B3N 0N1,Laundry (In Unit),Dishwasher,Fridge / Freezer
;Pool;;;Bicycle Parking;;Elevator in Building;,,No,Yes,No,Yes,Limited,No,Yes,,Not Available,0,1 Year,1,1,Apartment,Please Contact,5415 Victoria Road; Halifax; NS; B3H 4K5,Laundry (In Building),,Fridge / Freezer
;;;;;;Elevator in Building;,,No,Yes,No,Yes,Limited,No,Yes,,Not Available,1,1 Year,2,1,Apartment,Please Contact,30 Ridgevalley Road; Halifax; NS; B3P 2J8,Laundry (In Building),,Fridge / Freezer
,,No,Yes,No,Yes,Limited,No,Yes,,Not Available,1,1 Year,1,1,Apartment,$1700,36 Abbey Road; Halifax; NS; B3P 2M6,Laundry (In Building),,Fridge / Freezer
;;;;;;Elevator in Building;,,No,Yes,No,Yes,Limited,No,Yes,;Balcony;,Not Available,1,1 Year,2,1,Apartment,$2233,36 Abbey Road; Halifax; NS; B3P 2M6,Laundry (In Building),,Fridge / Freezer
,,No,No,No,Yes,Limited,No,No,,900,0,1 Year,1,1,Apartment,$1899,Inglis St; Halifax; B3H 1K4,Laundry (In Unit),Dishwasher,Fridge / Freezer
;;;;Bicycle Parking;Storage Space;;,,No,Yes,No,Yes,Limited,No,No,;Balcony;,900,0,1 Year,1,1,Apartment,$1829,Halifax; NS B3H 2K5,Laundry (In Building),,Fridge / Freezer
,,No,,,,No,Yes,No,Yard;Balcony;,Not Available,2,1 Year,3 + Den,1,House,$1975,Frances Court; Halifax; NS; B3R 2R4,Laundry (In Unit),Dishwasher,Fridge / Freezer
,,Yes,No,No,Yes,No,No,No,,Not Available,1,1 Year,1,1,Apartment,$2275,Bishop Street; Halifax; NS; B3J 1C9,Laundry (In Unit),Dishwasher,Fridge / Freezer
;;;;Bicycle Parking;Storage Space;;,,No,Yes,No,Yes,Limited,No,No,,600,0,1 Year,1,1,Apartment,$1850,Wellington Street; Halifax; NS,Laundry (In Building),,
,Cable / TV;Internet;,Yes,Yes,Yes,Yes,No,Yes,No,Yard;;,930,0,1 Year,1,1,Apartment,$1850,Halifax; NS B3M 4J4,Laundry (In Building),Dishwasher,Fridge / Freezer
;;;;;Storage Space;Elevator in Building;,,No,Yes,No,Yes,Limited,No,No,;Balcony;,1;382,0,1 Year,2 + Den,2,Apartment,$2695,3807 Mont Blanc Terrace; Halifax; NS; B3K 6R9,Laundry (In Unit),Dishwasher,Fridge / Freezer
;;;;;Storage Space;;,Cable / TV;Internet;,No,Yes,Yes,Yes,Limited,Yes,Outdoors only,Yard;Balcony;,1;050,2,1 Year,2,1,Apartment,Please Contact,Nova Scotia 329; Hubbards; NS,Laundry (In Unit),Dishwasher,Fridge / Freezer
Gym;;;;Bicycle Parking;Storage Space;;,,No,,,,Limited,No,No,,1;033,0,1 Year,2,2,Apartment,$2595,7037 Mumford Rd; Halifax; NS; B3L 2J1,Laundry (In Unit),Dishwasher,Fridge / Freezer
,,No,Yes,No,Yes,Limited,No,No,Yard;Balcony;,Not Available,1,1 Year,3,1,Apartment,$3150,13 Edgehill Road; Halifax; NS; B3N 1G5,Laundry (In Unit),Dishwasher,Fridge / Freezer
,;Internet;,Yes,Yes,No,Yes,No,No,No,,132,0,Month-to-month,1,1,Apartment,$850,Halifax; NS B3H,Laundry (In Unit),Dishwasher,Fridge / Freezer
,,Yes,,,,No,No,No,Yard;Balcony;,Not Available,2,1 Year,3,3.5,Townhouse,$3300,Bently Drive; Halifax; NS; B3S 0A9,Laundry (In Unit),Dishwasher,Fridge / Freezer
,,No,No,No,Yes,No,No,No,,Not Available,1,1 Year,1,1,Apartment,$2275,Bishop Street; Halifax; NS; B3J 1C9,Laundry (In Unit),Dishwasher,Fridge / Freezer
Gym;;;;;;Elevator in Building;,,No,No,No,Yes,Limited,Yes,No,;Balcony;,1;196,1,1 Year,2,2,Apartment,$2495,Walter Havill Drive; Halifax; NS,Laundry (In Unit),Dishwasher,Fridge / Freezer
;;;24 Hour Security;;;Elevator in Building;,,No,Yes,No,Yes,Limited,No,No,,680,1,1 Year,1,1,Apartment,$1350,27 Evans Avenue; Halifax; NS,Laundry (In Building),Dishwasher,Fridge / Freezer
Gym;;;;Bicycle Parking;Storage Space;;,,No,,,,Limited,No,No,,564,0,1 Year,1,1,Apartment,$2125,6016 Pepperell Street; Halifax; NS; B3H 2N8,Laundry (In Unit),Dishwasher,Fridge / Freezer
Gym;;;24 Hour Security;Bicycle Parking;Storage Space;;,,No,Yes,No,Yes,No,No,No,,1;437,0,1 Year,2 + Den,2,Apartment,$4195,5450 Kaye Street; Halifax; NS; B3K 0G7,Laundry (In Unit),Dishwasher,Fridge / Freezer
,,No,No,No,Yes,No,No,No,;Balcony;,1;050,1,1 Year,2,1.5,Condo,$2500,B3L 4S1; Canada,Laundry (In Unit),Dishwasher,Fridge / Freezer
;;Concierge;24 Hour Security;Bicycle Parking;Storage Space;Elevator in Building;,,No,Yes,No,Yes,Limited,No,No,,400,0,1 Year,Bachelor/Studio,1,Apartment,$1495,1263 Queen Street; Halifax; NS,Laundry (In Building),,Fridge / Freezer
,,No,No,No,Yes,No,Yes,No,;Balcony;,1;000,1,1 Year,2 + Den,2,Apartment,$2200,Adelaide Avenue; Halifax; NS,Laundry (In Unit),Dishwasher,Fridge / Freezer
,,No,No,No,Yes,Yes,No,No,;Balcony;,Not Available,1,1 Year,1,1,Apartment,$1600,303-33 McFatridge Road; Halifax; NS; B3N 2R2,Laundry (In Building),,Fridge / Freezer
,,No,No,No,Yes,Limited,Yes,No,Yard;Balcony;,Not Available,1,1 Year,1,1,Apartment,$1550,2026A Kline Street; Halifax; NS; B3L 2X3,Laundry (In Unit),Dishwasher,Fridge / Freezer
,,No,Yes,No,Yes,No,Yes,No,;Balcony;,Not Available,1,1 Year,1,1,Apartment,$1800,77 - Lower Executive Drive; Sackville; NS; B4E 3A7,Laundry (In Unit),,Fridge / Freezer
Gym;;;24 Hour Security;Bicycle Parking;;Elevator in Building;,,No,Yes,No,Yes,Yes,Yes,No,;Balcony;,850,1,Month-to-month,2,2,Condo,$2500,Halifax; NS B3N 1K7,Laundry (In Unit),,
,,No,,,,Limited,Yes,No,Yard;;,1;700,2,1 Year,2 + Den,2,House,$3350,Halifax; NS B3P 2B3,Laundry (In Unit),,
,,No,Yes,Yes,Yes,No,No,No,;Balcony;,599,0,1 Year,1,1,Apartment,$1600,Carlton Street; Halifax; NS,,,Fridge / Freezer
,,No,Yes,Yes,Yes,No,No,Outdoors only,Yard;;,Not Available,1,1 Year,1,1,Apartment,$1350,3511 Windsor St.; Halifax; NS; B3K 5G6,,,Fridge / Freezer
;;;;;Storage Space;Elevator in Building;,,No,Yes,No,Yes,Limited,No,Outdoors only,;Balcony;,Not Available,1,1 Year,2,1,Apartment,$1595,6 Ford St; Halifax; NS; B3M 2M6,Laundry (In Building),,Fridge / Freezer
Gym;;Concierge;24 Hour Security;Bicycle Parking;Storage Space;Elevator in Building;,,No,Yes,No,Yes,Yes,Yes,No,;Balcony;,2;020,0,1 Year,2,2,Apartment,$6600,Hollis Street; Halifax; NS,Laundry (In Unit),Dishwasher,Fridge / Freezer
Gym;;Concierge;24 Hour Security;;Storage Space;Elevator in Building;,;Internet;,Yes,Yes,No,Yes,No,Yes,No,,890,1,1 Year,1,1,Condo,$2850,1445 South Park Street; Halifax; NS,Laundry (In Unit),Dishwasher,Fridge / Freezer
,,No,Yes,No,Yes,Limited,No,Outdoors only,,750,0,1 Year,2,1,Apartment,$1799,6071 Shirley Street; Halifax; NS,Laundry (In Building),,Fridge / Freezer
;;;24 Hour Security;;;Elevator in Building;,,No,Yes,No,Yes,Limited,No,No,,500,0,1 Year,1,1,Apartment,Please Contact,Halifax; NS B3M 1C3,Laundry (In Building),Dishwasher,Fridge / Freezer
,,No,No,No,Yes,Limited,No,Outdoors only,;Balcony;,Not Available,0,1 Year,1,1,Apartment,$1595,2360 Hunter St.; Halifax; NS; B3K 4V6,Laundry (In Unit),,Fridge / Freezer
;;;;Bicycle Parking;Storage Space;Elevator in Building;,,No,Yes,No,Yes,No,Yes,No,,740,0,1 Year,1,1.5,Apartment,$2245,Birmingham Street; Halifax; NS,Laundry (In Unit),Dishwasher,Fridge / Freezer
Gym;Pool;Concierge;24 Hour Security;Bicycle Parking;Storage Space;Elevator in Building;,,No,,,,No,No,Outdoors only,;Balcony;,720,0,1 Year,1,1,Apartment,$2080,Halifax; NS B3J 3J7,Laundry (In Building),,Fridge / Freezer
;;;;Bicycle Parking;;Elevator in Building;,,No,Yes,No,Yes,No,No,No,;Balcony;,1;350,0,1 Year,2,2,Apartment,$3025,Tower Road; Halifax; NS,Laundry (In Unit),Dishwasher,Fridge / Freezer
Gym;;;;Bicycle Parking;Storage Space;Elevator in Building;,,No,Yes,No,Yes,No,Yes,No,;Balcony;,600,0,1 Year,1,1,Apartment,$2125,Queen Street; Halifax; NS,Laundry (In Unit),Dishwasher,Fridge / Freezer
,,No,No,No,Yes,Yes,Yes,No,,1;000,0,1 Year,2,2,Apartment,$2999,1027 South Park Street; Halifax; NS; B3H 2W2,Laundry (In Unit),Dishwasher,Fridge / Freezer
Gym;;;;Bicycle Parking;;Elevator in Building;,,No,Yes,No,Yes,No,Yes,No,;Balcony;,Not Available,0,1 Year,1 + Den,1,Apartment,Please Contact,230 Larry Uteck Blvd; Bedford; NS; B3N 0N1,Laundry (In Unit),Dishwasher,Fridge / Freezer
;;;;;Storage Space;;,,No,Yes,No,Yes,Limited,No,Yes,,Not Available,1,1 Year,1,1,Apartment,$1839,85 Westgrove; 241 Willett Street; 235 Willett Street; Halifax; NS; B3M 3L7,Laundry (In Building),,Fridge / Freezer
;;;;Bicycle Parking;;Elevator in Building;,,No,Yes,No,Yes,Limited,No,Yes,,Not Available,0,1 Year,1,1,Apartment,Please Contact,5651 Ogilvie Street; Halifax; NS; B3H 1B9,Laundry (In Building),,Fridge / Freezer
Gym;;;24 Hour Security;Bicycle Parking;Storage Space;;,,No,Yes,No,Yes,No,No,No,,1;437,0,1 Year,2 + Den,2,Apartment,$4195,5450 Kaye Street; Halifax; NS; B3K 0G7,Laundry (In Unit),Dishwasher,Fridge / Freezer
Gym;;Concierge;24 Hour Security;Bicycle Parking;;Elevator in Building;,,No,Yes,No,Yes,Limited,No,No,;Balcony;,Not Available,0,1 Year,1,1,Apartment,Please Contact,1545 / 1551 South Park Street; Halifax; NS; B3J 4B3,Laundry (In Unit),Dishwasher,Fridge / Freezer
,,No,,,,No,No,No,,4;400,0,1 Year,3,3,House,$3995,12 Palmer Hill; Halifax; NS; B3N 1S5,Laundry (In Unit),Dishwasher,Fridge / Freezer
,,No,Yes,No,Yes,Yes,No,No,,800,0,1 Year,2,1,Apartment,$2599,2100 Poplar Street; Halifax; NS; B3L 2Y7,Laundry (In Unit),Dishwasher,Fridge / Freezer
,,No,Yes,No,Yes,Yes,No,Outdoors only,,450,0,1 Year,1,1,Basement,$1549,3103 Connaught Avenue; Halifax; NS; B3L 3A8,Laundry (In Building),,Fridge / Freezer
;;;;;;Elevator in Building;,,No,Yes,No,Yes,Yes,No,Outdoors only,;Balcony;,750,0,1 Year,2,1,Apartment,$2509,5713 Victoria Rd; Halifax; NS; B3H 2Y3,Laundry (In Building),Dishwasher,Fridge / Freezer
,,No,Yes,No,Yes,Yes,No,Outdoors only,,600,0,1 Year,1,1,Apartment,$1799,5670 Inglis Street; Halifax; NS; B3H 1K3,Laundry (In Building),,Fridge / Freezer
,,No,Yes,No,Yes,Limited,No,No,,805,0,1 Year,1,1,Basement,$2099,1029 South Park Street; Halifax; NS; B3H 1M1,Laundry (In Unit),Dishwasher,Fridge / Freezer
,,No,Yes,No,Yes,Yes,No,Outdoors only,,550,0,1 Year,1,1,Apartment,$1799,6056 South Street; Halifax; NS; B3H 1T1,Laundry (In Building),,Fridge / Freezer
;;;;;;Elevator in Building;,,No,Yes,No,Yes,Yes,No,Outdoors only,;Balcony;,550,0,1 Year,1,1,Apartment,$1799,5713 Victoria Road; Halifax; NS; B3H 2Y3,Laundry (In Building),,Fridge / Freezer
,,No,Yes,No,Yes,Yes,Yes,No,,500,0,1 Year,1,1,Apartment,$2149,5726 Inglis St; Halifax; NS; B3H 1K4,Laundry (In Unit),Dishwasher,Fridge / Freezer
,,No,Yes,No,Yes,Yes,No,Outdoors only,,800,0,1 Year,2,1,Apartment,$2099,3693 Windsor Street; Halifax; NS; B3K 5G7,Laundry (In Building),,Fridge / Freezer
,,No,Yes,Yes,Yes,Yes,No,Outdoors only,,450,0,1 Year,Bachelor/Studio,1,Apartment,$1549,6060 South Street; Halifax; NS; B3H 1T1,Laundry (In Building),,Fridge / Freezer
,,No,Yes,No,Yes,Yes,No,Outdoors only,,300,0,1 Year,Bachelor/Studio,1,Apartment,$1529,5375 Rector Street; Halifax; NS; B3K 2N6,Laundry (In Building),,Fridge / Freezer
,,No,No,No,Yes,Yes,Yes,No,;Balcony;,600,0,1 Year,1,1,Apartment,$1829,6140 Lady Hammond Road; Halifax; NS; B3K 2R5,Laundry (In Unit),Dishwasher,Fridge / Freezer
,,No,Yes,No,Yes,Yes,No,Outdoors only,,500,0,1 Year,1,1,Apartment,$2149,6060 South Street; Halifax; NS; B3H 1T1,Laundry (In Unit),,Fridge / Freezer
;;;;;;Elevator in Building;,,No,Yes,No,Yes,Yes,No,Outdoors only,;Balcony;,800,0,1 Year,2,1.5,Apartment,$2599,5713 Victoria Rd; Halifax; NS; B3H 2Y3,Laundry (In Building),,Fridge / Freezer
;;;24 Hour Security;Bicycle Parking;Storage Space;;,,No,No,No,Yes,Yes,Yes,No,Yard;;,400,0,1 Year,1,1,Apartment,$1699,432 Herring Cove Road; Halifax; NS; B3R 1W4,Laundry (In Unit),Dishwasher,Fridge / Freezer
,,No,Yes,No,Yes,Yes,No,No,Yard;;,500,0,1 Year,2,1,Apartment,$2050,2 McIntosh St; Halifax; NS; B3R 1G8,Laundry (In Building),Dishwasher,Fridge / Freezer
,,No,No,No,Yes,Yes,Yes,No,Yard;Balcony;,2;700,3+,1 Year,4,2,House,$1000,11 Rocklyn Road; Halifax; NS; B3P 2H8,Laundry (In Building),Dishwasher,Fridge / Freezer
,,No,Yes,No,Yes,No,No,Outdoors only,;Balcony;,650,1,1 Year,2,1,Apartment,$1450,Halifax; NS B3N,Laundry (In Building),,Fridge / Freezer
,,No,No,No,Yes,Limited,No,No,;Balcony;,650,0,1 Year,1,1,Apartment,$1795,Kencrest Avenue; Halifax; NS,Laundry (In Unit),,
,,No,,,,Limited,Yes,Outdoors only,;Balcony;,700,1,1 Year,2,1,Basement,$1800,Connaught Avenue; Halifax; NS,Laundry (In Unit),,Fridge / Freezer
,,No,No,No,Yes,Yes,Yes,No,Yard;Balcony;,1;500,1,1 Year,2,1,Duplex/Triplex,$2250,Deal Street; Halifax; NS,Laundry (In Unit),Dishwasher,Fridge / Freezer
,,No,Yes,No,Yes,Limited,No,Outdoors only,;Balcony;,1,1,1 Year,2 + Den,1.5,Duplex/Triplex,$1600,Halifax; NS B3M 4S3,Laundry (In Building),,Fridge / Freezer
,,Yes,,,,No,Yes,No,,500,0,1 Year,1,1,Apartment,Please Contact,5536 Nora Bernard St; Halifax; B3K 1B2,,,
,Cable / TV;Internet;,Yes,Yes,Yes,Yes,No,No,No,,900,1,1 Year,1,1,House,$700,Portuguese Cove; NS B3V 1K2,Laundry (In Building),,Fridge / Freezer
Gym;;;;;;Elevator in Building;,,No,Yes,No,Yes,Yes,No,Outdoors only,,600,1,1 Year,1,1,Apartment,Please Contact,Cowie Hill Rd; Halifax; B3P 2M7,Laundry (In Building),Dishwasher,Fridge / Freezer
;;;;Bicycle Parking;Storage Space;Elevator in Building;,,No,Yes,Yes,Yes,No,No,Yes,Yard;;,400,0,1 Year,Bachelor/Studio,1,Apartment,$1550,Halifax; NS B3H 4K2,Laundry (In Building),Dishwasher,Fridge / Freezer
,,No,Yes,Yes,Yes,Yes,Yes,Outdoors only,,600,1,1 Year,Bachelor/Studio,1,Apartment,$1800,6089 Jubilee Road; Halifax; NS,Laundry (In Unit),Dishwasher,Fridge / Freezer
;Pool;Concierge;;;;;,,Yes,Yes,Yes,Yes,Limited,Yes,No,;Balcony;,Not Available,2,1 Year,2,2,Condo,$4000,Lower Water St; Halifax; NS; B3J 3Z3,Laundry (In Unit),Dishwasher,Fridge / Freezer
Gym;;;;;;Elevator in Building;,,No,No,No,Yes,Yes,No,No,;Balcony;,660,0,1 Year,1,1,Apartment,$1970,1030 South Park Street; Halifax; NS; B3J 2K9,Laundry (In Building),,Fridge / Freezer
Gym;;;;Bicycle Parking;;Elevator in Building;,,No,Yes,No,Yes,Yes,No,No,;Balcony;,807,0,1 Year,2,1,Apartment,$2540,2334 Longard Plaza; Halifax; NS; B3K 5K6,Laundry (In Building),,Fridge / Freezer
Gym;;;;Bicycle Parking;;Elevator in Building;,,No,No,No,Yes,Yes,No,No,;Balcony;,507,0,1 Year,Bachelor/Studio,1,Apartment,$1750,2074 Robie Street; Halifax; NS; B3K 5L3,Laundry (In Building),Dishwasher,Fridge / Freezer
Gym;;;;;;Elevator in Building;,,No,No,No,Yes,Yes,No,No,;Balcony;,950,0,1 Year,2,1,Apartment,$2735,1030 South Park Street; Halifax; NS; B3J 2K9,Laundry (In Building),,Fridge / Freezer
;;;;;Storage Space;Elevator in Building;,,No,Yes,No,Yes,No,No,No,;Balcony;,1;400,0,1 Year,2 + Den,2,Apartment,Please Contact,3807 Mont Blanc Terrace; Halifax; NS; B3K 6R9,Laundry (In Unit),Dishwasher,Fridge / Freezer
Gym;Pool;;;Bicycle Parking;Storage Space;Elevator in Building;,,No,No,No,Yes,Yes,No,No,;Balcony;,659,0,1 Year,1,1,Apartment,$1895,1991 Brunswick Street; Halifax; NS; B3J 3L8,Laundry (In Building),,Fridge / Freezer
,,No,Yes,No,Yes,Yes,No,Outdoors only,Yard;;,800,1,1 Year,3,1,Apartment,$2700,Seaforth Street; Halifax; NS,Laundry (In Building),,Fridge / Freezer
,,No,,,,Yes,No,Outdoors only,Yard;Balcony;,1;800,3+,1 Year,3 + Den,2,House,$2900,Timberlea; NS B3T 1E4,Laundry (In Unit),Dishwasher,Fridge / Freezer
Gym;;;24 Hour Security;Bicycle Parking;;Elevator in Building;,,No,,,,No,No,No,;Balcony;,Not Available,0,1 Year,1,1,Apartment,$1995,5620 South Street; Halifax; NS; B3J 0A7,Laundry (In Building),Dishwasher,Fridge / Freezer
;;;24 Hour Security;;;Elevator in Building;,,No,Yes,No,Yes,No,Yes,No,;Balcony;,Not Available,0,1 Year,2,1,Apartment,$2795,1471 South Park Street; Halifax; NS; B3J 0J7,Laundry (In Unit),Dishwasher,Fridge / Freezer
,,,,,,,,,,,,,,,,$1387,Dresden Row; Halifax; NS B3J 4A2,,,
,,No,No,No,Yes,No,Yes,No,;Balcony;,1;000,1,1 Year,2 + Den,2,Apartment,$2200,Adelaide Avenue; Halifax; NS,Laundry (In Unit),Dishwasher,Fridge / Freezer
;;;;Bicycle Parking;;;,,No,Yes,No,Yes,Limited,No,Yes,;Balcony;,Not Available,0,1 Year,1,1,Apartment,Please Contact,1015 Barrington Street; Halifax; NS; B3H 4R4,Laundry (In Unit),Dishwasher,Fridge / Freezer
,,No,,,,No,No,No,,4;400,0,1 Year,3,3,House,$3995,12 Palmer Hill; Halifax; NS; B3N 1S5,Laundry (In Unit),Dishwasher,Fridge / Freezer
;Pool;;;Bicycle Parking;;Elevator in Building;,,No,Yes,No,Yes,Limited,No,Yes,,Not Available,0,1 Year,1,1,Apartment,Please Contact,5415 Victoria Road; Halifax; NS; B3H 4K5,Laundry (In Building),,Fridge / Freezer
,,No,No,No,Yes,Limited,Yes,Outdoors only,;Balcony;,700,1,1 Year,1,1,Apartment,$1695,3210 Agricola Street; Halifax; NS,Laundry (In Unit),,Fridge / Freezer
Gym;;Concierge;24 Hour Security;Bicycle Parking;;Elevator in Building;,,No,Yes,No,Yes,Limited,No,No,;Balcony;,Not Available,0,1 Year,1,1,Apartment,Please Contact,1545 / 1551 South Park Street; Halifax; NS; B3J 4B3,Laundry (In Unit),Dishwasher,Fridge / Freezer
,;Internet;,No,No,No,Yes,Yes,Yes,Outdoors only,Yard;;,1;000,2,1 Year,2,2,Apartment,$2200,Hammonds Plains; NS B3Z 1J7,Laundry (In Building),Dishwasher,Fridge / Freezer
,;Internet;,No,No,No,Yes,Yes,Yes,Outdoors only,Yard;;,900,1,1 Year,1,1,Apartment,$1800,Hammonds Plains; NS B3Z 1J7,Laundry (In Building),Dishwasher,Fridge / Freezer
,,No,,,,Limited,Yes,No,Yard;Balcony;,Not Available,2,1 Year,3,1,Townhouse,$2300,Thornhill Drive; Halifax; NS; B3R 2B4,Laundry (In Unit),Dishwasher,Fridge / Freezer
Gym;;Concierge;24 Hour Security;;;;,;Internet;,Yes,Yes,Yes,Yes,No,No,No,;Balcony;,Not Available,1,1 Year,2,2,Condo,$3900,South Park Street; Halifax; NS; B3J 0B0,Laundry (In Unit),Dishwasher,Fridge / Freezer
,,No,,,,Limited,No,No,Yard;Balcony;,Not Available,1,1 Year,4,1.5,House,$4000,Robie Street; Halifax; NS; B3H 3E7,Laundry (In Unit),Dishwasher,Fridge / Freezer
,,No,No,No,Yes,Limited,No,No,Yard;;,Not Available,2,1 Year,3,1,Apartment,$1950,Paul David Court; Dartmouth; NS; B2X 2Y8,Laundry (In Unit),Dishwasher,Fridge / Freezer
,,No,No,No,Yes,Limited,No,No,,Not Available,0,1 Year,2,1,Apartment,$2150,John Street; Halifax; NS; B3K 4K6,Laundry (In Unit),Dishwasher,Fridge / Freezer
,,No,Yes,No,Yes,Limited,No,Outdoors only,,900,1,1 Year,2,1,Apartment,$1865,Halifax; NS B3M 3L9,Laundry (In Building),Dishwasher,
,,No,Yes,Yes,Yes,Limited,No,No,Yard;;,1;200,0,1 Year,2,1,Apartment,$2100,Auburn Ave; Halifax; NS B3R 1K4,Laundry (In Building),Dishwasher,
,,No,,,,No,Yes,No,;Balcony;,2;396,2,1 Year,3,3.5,Townhouse,$3300,129 Eliza Ritchie Crescent; Halifax; NS; B3M 0K5,Laundry (In Unit),Dishwasher,Fridge / Freezer
;;;24 Hour Security;;;;,,No,No,No,Yes,Limited,No,Outdoors only,;Balcony;,950,1,1 Year,2,1,Apartment,$2400,Victoria Rd; Halifax; NS,Laundry (In Unit),Dishwasher,Fridge / Freezer
,;Internet;,Yes,Yes,Yes,Yes,No,No,Outdoors only,,1,0,1 Year,2,2,House,$2700,Halifax; NS B3H 3H3,,,Fridge / Freezer
,,No,No,No,Yes,No,No,No,Yard;Balcony;,Not Available,1,1 Year,3,1.5,Townhouse,$2395,28-38 LYONS AVE; HALIFAX; NS; B3P 1H6,,Dishwasher,Fridge / Freezer
;;;24 Hour Security;;;Elevator in Building;,,No,Yes,No,Yes,No,Yes,No,;Balcony;,Not Available,0,1 Year,2,1.5,Apartment,$4595,1471 South Park Street; Halifax; NS; B3J 0J7,Laundry (In Unit),Dishwasher,Fridge / Freezer
,,No,,,,Yes,No,No,Yard;Balcony;,1;200,0,1 Year,3,1.5,Townhouse,$3300,Chebucto Road; Halifax; NS,Laundry (In Unit),,
,,Yes,,,,Yes,No,Outdoors only,,2;100,2,1 Year,3 + Den,4,Townhouse,$2600,Hammonds Plains; NS B3Z 1N7,Laundry (In Unit),,
Gym;;;24 Hour Security;;Storage Space;Elevator in Building;,,No,Yes,No,Yes,Limited,No,No,;Balcony;,Not Available,0,1 Year,1,1,Apartment,$1995,15 Bently Drive; Halifax; NS; B2S 0G2,Laundry (In Unit),Dishwasher,Fridge / Freezer
,,No,Yes,Yes,Yes,No,Yes,No,,Not Available,0,1 Year,2,1,Apartment,$2200,Almon Street; Halifax; NS; B3L 1V8,Laundry (In Unit),Dishwasher,Fridge / Freezer
,;Internet;,Yes,Yes,Yes,Yes,No,Yes,No,Yard;Balcony;,Not Available,3+,1 Year,4,3.5,House,$4000,Peregrine Crescent; Bedford; NS; B4A 3B9,Laundry (In Unit),Dishwasher,Fridge / Freezer
Gym;;Concierge;24 Hour Security;;;Elevator in Building;,;Internet;,Yes,Yes,Yes,Yes,No,Yes,No,;Balcony;,Not Available,1,1 Year,1 + Den,1,Condo,$2950,Dresden Row; Halifax; NS; B3J 2K2,Laundry (In Unit),Dishwasher,Fridge / Freezer
Gym;;;24 Hour Security;;;Elevator in Building;,,No,Yes,No,Yes,Limited,No,Yes,,Not Available,0,1 Year,1,1,Apartment,$1975,634 Parkland Drive; Halifax; NS; B3S 1M8,Laundry (In Building),Dishwasher,Fridge / Freezer
Gym;;;;;Storage Space;;,,No,Yes,No,Yes,Limited,No,No,;Balcony;,Not Available,0,1 Year,2 + Den,2,Apartment,$2300,16 Bently Drive; Halifax; NS; B3S 0G9,Laundry (In Unit),,
Gym;;;24 Hour Security;;Storage Space;Elevator in Building;,,No,Yes,No,Yes,Limited,No,No,,Not Available,0,1 Year,2,1,Apartment,$2050,41 Cowie Hill Road; Halifax; NS; B3P 2M7,Laundry (In Building),Dishwasher,Fridge / Freezer
;;;;Bicycle Parking;Storage Space;;,,No,No,No,Yes,Yes,No,No,,620,0,1 Year,1,1,Apartment,$1995,2077 Brunswick Street; Halifax; NS; B3K 5T8,Laundry (In Building),Dishwasher,Fridge / Freezer
,,No,,,,Limited,No,Outdoors only,,1;250,1,1 Year,2 + Den,2,Townhouse,$2450,3626 Deal St; Halifax; NS B3N 2Y5,,,
,;Internet;,Yes,Yes,Yes,Yes,Yes,Yes,No,;Balcony;,1;800,2,Month-to-month,3,2.5,House,$99,Herring Cove Road; Halifax; NS,Laundry (In Unit),Dishwasher,Fridge / Freezer
;;;;Bicycle Parking;Storage Space;;,,No,Yes,No,Yes,Limited,No,No,,600,0,1 Year,1,1,Apartment,$1760,Halifax; NS B3H 2K5,Laundry (In Building),,Fridge / Freezer
,;Internet;,Yes,No,No,Yes,No,No,No,Yard;Balcony;,1;800,3+,1 Year,3,1,House,$2300,Seabright; NS B3Z 2Y1,Laundry (In Unit),,Fridge / Freezer
Gym;;;;;;Elevator in Building;,,No,Yes,No,Yes,Limited,Yes,No,;Balcony;,900,0,1 Year,1 + Den,1,Apartment,$2095,5511 Bloomfield Street; Halifax; NS,,,
,,No,Yes,Yes,Yes,No,No,No,Yard;;,400,1,1 Year,Bachelor/Studio,1,Apartment,$1000,Halifax; NS B3P 1K6,Laundry (In Building),,Fridge / Freezer
Gym;;;;;;Elevator in Building;,,No,Yes,Yes,Yes,Limited,Yes,No,,575,0,1 Year,Bachelor/Studio,1,Apartment,$1550,5266 Green Street; Halifax; NS,Laundry (In Building),,Fridge / Freezer
,,Yes,,,,Yes,Yes,No,,954,2,1 Year,2,1,House,$2800,6371 Norwood St; Halifax; NS B3H 2L2,,,
,Cable / TV;Internet;,No,Yes,Yes,Yes,Limited,No,No,Yard;;,Not Available,2,1 Year,3,2,Apartment,$3000,Second Street; Halifax; NS; B3L 1G2,Laundry (In Unit),Dishwasher,Fridge / Freezer
,,No,,,,Limited,No,No,Yard;Balcony;,Not Available,0,1 Year,3,2.5,Townhouse,$3350,Nora Bernard Street; Halifax; NS; B3K 5T6,Laundry (In Unit),Dishwasher,Fridge / Freezer
,,No,,,,Limited,No,No,Yard;Balcony;,Not Available,2,1 Year,3,3,House,$4200,Litchfield Crescent; Halifax; NS; B3P 2N4,Laundry (In Unit),Dishwasher,Fridge / Freezer
,,No,,,,Yes,Yes,No,,600,0,1 Year,1,1,Apartment,$1750,Falkland St; Halifax; B3K 1A3,,,
,,No,Yes,No,Yes,Limited,Yes,Outdoors only,Yard;Balcony;,800,1,1 Year,2,1,Duplex/Triplex,$2400,Halifax; NS B3K 5G6,Laundry (In Unit),,Fridge / Freezer
,,No,,,,Limited,No,No,;Balcony;,Not Available,1,1 Year,3 + Den,1.5,Townhouse,$4250,Bishop Street; Halifax; NS; B3J 1C9,Laundry (In Unit),Dishwasher,Fridge / Freezer
,,No,,,,Limited,No,Outdoors only,,1;000,1,1 Year,3,1,Apartment,$2500,Liverpool St; Halifax; NS B3L 1Y4; Canada,,,
,,No,,,,Limited,Yes,No,Yard;;,1;700,2,1 Year,2 + Den,2,House,$3475,Halifax; NS B3P 2B3,Laundry (In Unit),,
;;;;;Storage Space;;,,No,Yes,No,Yes,Limited,No,Yes,,Not Available,1,1 Year,1,1,Apartment,$1839,85 Westgrove; 241 Willett Street; 235 Willett Street; Halifax; NS; B3M 3L7,Laundry (In Building),,Fridge / Freezer
,,No,No,No,Yes,Limited,Yes,Outdoors only,;Balcony;,700,1,1 Year,1,1,Apartment,$1695,3210 Agricola Street; Halifax; NS,Laundry (In Unit),,Fridge / Freezer
Gym;;;;Bicycle Parking;;Elevator in Building;,,No,Yes,No,Yes,No,Yes,No,;Balcony;,Not Available,0,1 Year,1 + Den,1,Apartment,Please Contact,230 Larry Uteck Blvd; Bedford; NS; B3N 0N1,Laundry (In Unit),Dishwasher,Fridge / Freezer
Gym;;;24 Hour Security;Bicycle Parking;Storage Space;;,,No,Yes,No,Yes,No,No,No,,1;437,0,1 Year,2 + Den,2,Apartment,$4195,5450 Kaye Street; Halifax; NS; B3K 0G7,Laundry (In Unit),Dishwasher,Fridge / Freezer
;;;;;;Elevator in Building;,,No,Yes,No,Yes,Limited,No,Yes,,Not Available,1,1 Year,2,1,Apartment,Please Contact,30 Ridgevalley Road; Halifax; NS; B3P 2J8,Laundry (In Building),,Fridge / Freezer
Gym;;Concierge;24 Hour Security;Bicycle Parking;;Elevator in Building;,,No,Yes,No,Yes,Limited,No,No,;Balcony;,Not Available,0,1 Year,1,1,Apartment,Please Contact,1545 / 1551 South Park Street; Halifax; NS; B3J 4B3,Laundry (In Unit),Dishwasher,Fridge / Freezer
;;;24 Hour Security;;Storage Space;;,,No,Yes,No,Yes,Limited,Yes,No,,Not Available,0,1 Year,3 + Den,2,Apartment,$2720,461 Larry Uteck; Halifax; NS; B3M 0H3,Laundry (In Unit),Dishwasher,Fridge / Freezer
,,Yes,Yes,Yes,Yes,Limited,No,No,;Balcony;,Not Available,1,1 Year,1,1,Apartment,$1800,Kingswood Drive; Hammonds Plains; NS; B4B 1M2,Laundry (In Unit),Dishwasher,Fridge / Freezer
,,No,No,No,Yes,Limited,No,No,Yard;Balcony;,Not Available,1,1 Year,2,2.5,House,$3300,South Street; Halifax; NS; B3J 1A4,Laundry (In Unit),Dishwasher,Fridge / Freezer
;;;;;;Elevator in Building;,,No,Yes,No,Yes,Yes,No,No,,Not Available,0,1 Year,Bachelor/Studio,1,Apartment,$1300,1271 Church Street; Halifax; NS; B3J 3L3,Laundry (In Building),,
,,No,Yes,No,Yes,No,No,No,;Balcony;,Not Available,0,1 Year,1,1,Apartment,$1795,3232 Isleville Street; Halifax; NS; B3K 3Y5,Laundry (In Building),,Fridge / Freezer
,,No,Yes,No,Yes,No,No,No,,Not Available,0,1 Year,2,1,Apartment,$2295,23 Gristmill Court; Halifax; NS; B3M 0B9,Laundry (In Building),Dishwasher,Fridge / Freezer
,,No,,,,No,No,No,Yard;Balcony;,Not Available,0,1 Year,2,1,Apartment,$1995,6166 Almon Street; Halifax; NS; B3K 1V1,Laundry (In Unit),,Fridge / Freezer
;;;;;;Elevator in Building;,,No,Yes,No,Yes,No,No,No,;Balcony;,Not Available,0,1 Year,1,1,Apartment,$1995,5511 Charles St.; Halifax; NS; B3K 1K1,Laundry (In Building),,Fridge / Freezer
,,No,Yes,No,Yes,No,No,No,,Not Available,1,1 Year,1,1,Apartment,$1695,56 Old Sambro Road; Halifax; NS; B3R 1R1,Laundry (In Building),Dishwasher,Fridge / Freezer
,,No,,,,No,Yes,No,,14,1,Month-to-month,1,1,House,$1100,Abbey Rd; Halifax; NS B3P,,,
,,Yes,Yes,Yes,Yes,No,No,No,,1;500,0,Month-to-month,2,2,Apartment,$2700,6000 Bliss Street; Halifax; NS,Laundry (In Building),Dishwasher,Fridge / Freezer
Gym;;;24 Hour Security;Bicycle Parking;Storage Space;Elevator in Building;,,No,Yes,No,Yes,No,Yes,No,;Balcony;,995,0,1 Year,2,2,Apartment,$2395,2735 Clifton Street; Halifax; NS,Laundry (In Unit),Dishwasher,Fridge / Freezer
;;;;;Storage Space;;,,No,No,No,Yes,Yes,Yes,No,Yard;Balcony;,650,0,1 Year,2,1,Apartment,$2200,432 Herring Cove Road; Halifax; NS; B3R 1W4,Laundry (In Unit),Dishwasher,Fridge / Freezer
,;Internet;,Yes,No,No,Yes,No,No,No,;Balcony;,900,0,1 Year,1,1,Apartment,$2250,Gottingen Street; Halifax; NS,Laundry (In Unit),,
,,No,,,,Limited,Yes,No,;Balcony;,Not Available,2,1 Year,4,3.5,House,$3100,Eliza Ritchie Court; Halifax; NS; B3M 0K5,Laundry (In Unit),Dishwasher,Fridge / Freezer
;;;;;;Elevator in Building;,,No,Yes,No,Yes,Limited,Yes,No,,675,0,1 Year,1,1,Apartment,$1875,1619 Market Street; Halifax; NS; B3J 1K8,Laundry (In Unit),Dishwasher,Fridge / Freezer
,,No,Yes,No,Yes,No,No,No,;Balcony;,Not Available,0,1 Year,2,1,Apartment,$1750,22 High street; Dartmouth; NS; B2W 1C7,Laundry (In Building),,Fridge / Freezer
Gym;Pool;Concierge;24 Hour Security;Bicycle Parking;;Elevator in Building;,,No,Yes,No,Yes,Yes,Yes,No,;Balcony;,1;000,1,1 Year,2,2,Condo,$2995,Halifax; NS B3H 2Z8,Laundry (In Unit),Dishwasher,Fridge / Freezer
;;;24 Hour Security;;;Elevator in Building;,,No,No,No,Yes,No,No,Outdoors only,;Balcony;,1;120,1,1 Year,2 + Den,1.5,Condo,$2600,15 Langbrae Dr; Halifax; NS B3M 3W5,Laundry (In Unit),Dishwasher,Fridge / Freezer
,,Yes,No,No,Yes,Limited,Yes,No,Yard;Balcony;,780,2,1 Year,2,1,House,$1900,Sambro; NS B3V 1G1,,,Fridge / Freezer
Gym;;;;;Storage Space;Elevator in Building;,,No,Yes,No,No,Limited,No,No,;Balcony;,Not Available,1,1 Year,2,1.5,Apartment,$2100,150 Solutions Drive; Halifax; NS; B3S 0E5,Laundry (In Unit),Dishwasher,Fridge / Freezer
Gym;;;;;Storage Space;Elevator in Building;,,No,Yes,No,Yes,Limited,No,No,;Balcony;,Not Available,1,1 Year,2,1.5,Apartment,$2300,150 Solutions Drive; Halifax; NS; B3S 0E5,Laundry (In Unit),Dishwasher,Fridge / Freezer
;;;;;;Elevator in Building;,,No,Yes,No,Yes,Limited,Yes,No,;Balcony;,884,0,1 Year,2,1,Apartment,$2100,1619 Market Street; Halifax; NS; B3J 1K8,Laundry (In Unit),Dishwasher,Fridge / Freezer
;;;;;;Elevator in Building;,,No,Yes,No,Yes,Limited,Yes,No,;Balcony;,913,0,1 Year,2,1,Apartment,$2350,1619 Market Street; Halifax; NS; B3J 1K8,Laundry (In Unit),Dishwasher,Fridge / Freezer
Gym;;;;;Storage Space;Elevator in Building;,,No,Yes,No,Yes,Limited,No,No,;Balcony;,Not Available,1,1 Year,2 + Den,2,Apartment,$2400,137 Solutions Drive; Halifax; NS; B3S 0G5,Laundry (In Unit),Dishwasher,Fridge / Freezer
,,Yes,,,,Limited,Yes,No,Yard;Balcony;,Not Available,1,1 Year,3,1.5,House,$3500,6490 London Street; Halifax; NS; B3L 1X4,Laundry (In Unit),Dishwasher,Fridge / Freezer
,,No,No,No,Yes,Yes,No,No,Yard;Balcony;,1;000,1,1 Year,3,1,Apartment,$2900,Liverpool Street; Halifax; NS,Laundry (In Unit),Dishwasher,Fridge / Freezer
,,No,No,No,Yes,Yes,No,No,,Not Available,2,1 Year,3,1,Apartment,$2195,68 Melrose Avenue; Halifax; NS; B3N 2E4,Laundry (In Unit),,Fridge / Freezer
,,No,,,,Limited,No,No,,Not Available,1,1 Year,2,1,Apartment,$2100,36 Cowie Hill Road; Halifax; NS; B3P 2P7,Laundry (In Building),,Fridge / Freezer
,,No,No,No,Yes,Yes,No,No,,Not Available,3+,1 Year,4,2.5,House,$3500,324 Kingswood Drive; Hammonds Plains; NS; B4B 1M1,,,
,,No,No,No,Yes,Yes,No,No,,Not Available,1,1 Year,1,1,Apartment,$1450,3223 Veith Street; Halifax; NS; B3K 3H1,,,
,,No,No,No,Yes,Limited,No,No,;Balcony;,Not Available,1,1 Year,3,1,Apartment,$2300,3223 Veith Street; Halifax; NS; B3K 3H1,Laundry (In Unit),,Fridge / Freezer
;;;;;Storage Space;Elevator in Building;,,No,Yes,No,Yes,Limited,Yes,No,;Balcony;,699,1,1 Year,1,1,Apartment,$1895,Supreme Court; Halifax; NS,Laundry (In Unit),Dishwasher,Fridge / Freezer
;;;24 Hour Security;Bicycle Parking;;Elevator in Building;,,No,No,No,Yes,No,No,No,,450,0,1 Year,Bachelor/Studio,1,Apartment,$1450,5681 Rhuland St; Halifax; NS B3H 4J6,Laundry (In Building),,Fridge / Freezer
,,No,Yes,No,Yes,No,No,No,Yard;;,550,1,1 Year,2,1,Basement,$1900,Halifax; NS B3N,Laundry (In Unit),,Fridge / Freezer
,,No,,,,No,Yes,Outdoors only,Yard;Balcony;,1;000,2,1 Year,2,1,House,$2250,12 Parkmoor Ave; Halifax; NS B3R 1B4,Laundry (In Unit),,
Gym;;;;Bicycle Parking;;Elevator in Building;,,No,Yes,No,Yes,Yes,No,No,;Balcony;,417,0,1 Year,Bachelor/Studio,1,Apartment,$1675,2334 Longard Plaza; Halifax; NS; B3K 5K6,Laundry (In Building),,Fridge / Freezer
,,No,,,,No,Yes,No,,2;200,0,Month-to-month,3 + Den,1,Apartment,$620,1333 S Park St; Halifax; B3J 2K9,,,
Gym;;Concierge;;Bicycle Parking;Storage Space;;,,No,,,,Limited,No,No,;Balcony;,1;200,1,1 Year,2,2,Condo,$3400,South Park Street; Halifax; NS; B3J 0H8,Laundry (In Unit),Dishwasher,Fridge / Freezer
Gym;Pool;;;Bicycle Parking;Storage Space;Elevator in Building;,,No,No,No,Yes,Yes,No,No,;Balcony;,741,0,1 Year,1,1,Apartment,$1950,2001 Brunswick Street; Halifax; NS; B3J 3L8,Laundry (In Building),,Fridge / Freezer
;;;;;;Elevator in Building;,,No,Yes,No,Yes,Limited,No,Yes,,Not Available,1,1 Year,2,1,Apartment,Please Contact,30 Ridgevalley Road; Halifax; NS; B3P 2J8,Laundry (In Building),,Fridge / Freezer
,,No,,,,No,No,No,,4;400,0,1 Year,3,3,House,$3995,12 Palmer Hill; Halifax; NS; B3N 1S5,Laundry (In Unit),Dishwasher,Fridge / Freezer
,,No,Yes,No,Yes,No,No,No,Yard;;,550,1,1 Year,2,1,Basement,$1900,Halifax; NS B3N,Laundry (In Unit),,Fridge / Freezer
Gym;;;24 Hour Security;Bicycle Parking;Storage Space;;,,No,Yes,No,Yes,No,No,No,,1;437,0,1 Year,2 + Den,2,Apartment,$4195,5450 Kaye Street; Halifax; NS; B3K 0G7,Laundry (In Unit),Dishwasher,Fridge / Freezer
,,No,No,No,Yes,No,Yes,No,;Balcony;,1;000,1,1 Year,2 + Den,2,Apartment,$2200,Adelaide Avenue; Halifax; NS,Laundry (In Unit),Dishwasher,Fridge / Freezer
;;;;;Storage Space;;,,No,Yes,No,Yes,Limited,No,Yes,,Not Available,1,1 Year,1,1,Apartment,$1839,85 Westgrove; 241 Willett Street; 235 Willett Street; Halifax; NS; B3M 3L7,Laundry (In Building),,Fridge / Freezer
,Cable / TV;Internet;,Yes,Yes,No,Yes,No,Yes,No,;Balcony;,600,1,1 Year,1,1,House,$1275,6178 South St; Halifax; NS B3H 1T5,Laundry (In Building),Dishwasher,Fridge / Freezer
,,No,,,,Yes,Yes,No,,200,0,1 Year,1 + Den,1,Apartment,$1500,1452 Brenton St; Halifax; NS B3J 2K7,,,
,,No,No,No,Yes,Yes,Yes,No,;Balcony;,1,1,Not Available,3,1,Apartment,$2600,33 McIntosh Street; Halifax; NS; B3R 1G9,Laundry (In Unit),Dishwasher,Fridge / Freezer
,,No,,,,Limited,Yes,No,Yard;Balcony;,1;344,2,1 Year,3,1.5,House,$2300,Cranbery Crescent; Dartmouth; NS; B2W 5A9,Laundry (In Unit),Dishwasher,Fridge / Freezer
;;;;;;Elevator in Building;,,No,,,,Yes,Yes,No,;Balcony;,880,0,1 Year,2,2,Apartment,$2975,3075 Devonshire Avenue; Halifax; NS; B3K 0H5,Laundry (In Unit),Dishwasher,Fridge / Freezer
,,No,Yes,Yes,Yes,No,No,No,,300,0,Month-to-month,Bachelor/Studio,1,Apartment,Please Contact,2630 Gottingen Street; Halifax; NS,,,
,,No,Yes,Yes,Yes,No,No,No,,1;000,0,1 Year,3,1,Apartment,$3100,Carlton Street; Halifax; NS,Laundry (In Unit),Dishwasher,Fridge / Freezer
,,No,Yes,No,Yes,No,No,Outdoors only,,950,1,1 Year,2,1,Apartment,$1845,88 Evans Ave; Halifax; NS B3M 1C6,Laundry (In Building),,Fridge / Freezer
,,No,No,No,Yes,Yes,No,Yes,Yard;;,1;500,2,1 Year,4,3.5,Apartment,$2795,14 Val St; Halifax; NS; B3N 3M6,Laundry (In Unit),Dishwasher,Fridge / Freezer
;;;;;;Elevator in Building;,,No,Yes,No,Yes,No,No,No,;Balcony;,Not Available,0,1 Year,1,1,Apartment,$1995,5511 Charles St.; Halifax; NS; B3K 1K1,Laundry (In Building),Dishwasher,Fridge / Freezer
Gym;Pool;;24 Hour Security;Bicycle Parking;Storage Space;Elevator in Building;,,No,Yes,No,Yes,Limited,Yes,No,;Balcony;,2;400,1,1 Year,3,3.5,Apartment,$3250,Halifax; NS B3S 0B8,Laundry (In Unit),Dishwasher,
Gym;;;24 Hour Security;Bicycle Parking;Storage Space;Elevator in Building;,,No,Yes,No,Yes,Limited,No,No,,1;246,1,1 Year,2,2,Condo,$2850,6095 Coburg Road; Halifax; NS; B3H 4K1,Laundry (In Unit),Dishwasher,Fridge / Freezer
,,No,No,No,Yes,Limited,Yes,Outdoors only,;Balcony;,700,1,1 Year,1,1,Apartment,$1695,3210 Agricola Street; Halifax; NS,Laundry (In Unit),,Fridge / Freezer
;;;;Bicycle Parking;;;,,No,Yes,No,Yes,No,No,No,,Not Available,0,1 Year,2,1,Apartment,$2395,2060  Quingate Place; Halifax; NS; B3L 4P7,Laundry (In Building),Dishwasher,Fridge / Freezer
Gym;;Concierge;;Bicycle Parking;Storage Space;Elevator in Building;,,No,Yes,No,Yes,Limited,Yes,No,;Balcony;,600,0,1 Year,1,1,Apartment,$2025,5121 Bishop Street; Halifax; NS; B3J 0E5,Laundry (In Unit),Dishwasher,Fridge / Freezer
,,No,No,No,Yes,Limited,No,No,,Not Available,0,1 Year,1,1,Apartment,$1750,2326 Agricola Street; Halifax; NS; B3K 4B6,Laundry (In Unit),,Fridge / Freezer
,,No,Yes,No,Yes,Yes,No,No,,Not Available,0,1 Year,1,1,Apartment,$1650,1271 Church Street; Halifax; NS; B3J 3L3,Laundry (In Building),,
Gym;;;;;Storage Space;Elevator in Building;,,No,No,No,Yes,Limited,No,No,;Balcony;,1;060,0,1 Year,2 + Den,1.5,Apartment,$3695,1030 South Park Street; Halifax; NS; B3J 2K9,Laundry (In Building),,Fridge / Freezer
Gym;;;;Bicycle Parking;Storage Space;Elevator in Building;,,No,,,,Yes,No,No,;Balcony;,890,0,1 Year,2,1,Apartment,$2725,1920 Brunswick Street; Halifax; NS; B3J 0C5,Laundry (In Unit),Dishwasher,Fridge / Freezer
,,Yes,Yes,No,Yes,No,No,No,,1;100,0,1 Year,2,1,Basement,$900,B3H1M9,Laundry (In Unit),Dishwasher,
;;;24 Hour Security;;;;,,No,Yes,Yes,Yes,Limited,No,No,,538,0,1 Year,1 + Den,1,Apartment,$1795,2473 Windsor Street; Halifax; NS; B3K 5B9,,,
Gym;;;24 Hour Security;Bicycle Parking;Storage Space;;,,No,,,,Limited,No,No,,528,0,1 Year,1,1,Apartment,$2195,6016 Pepperell Street; Halifax; NS; B3H 2N8,Laundry (In Unit),Dishwasher,Fridge / Freezer
Gym;;;;Bicycle Parking;Storage Space;;,,No,,,,Limited,No,No,,936,0,1 Year,2,1,Apartment,$2395,7037 Mumford Rd; Halifax; NS; B3L 2J1,Laundry (In Unit),Dishwasher,Fridge / Freezer
Gym;;;24 Hour Security;Bicycle Parking;Storage Space;;,,No,Yes,No,Yes,No,No,No,,1;012,0,1 Year,2,1.5,Apartment,$2595,1343 Hollis Street; Halifax; NS; B3J 1T8,Laundry (In Unit),Dishwasher,Fridge / Freezer
;;;24 Hour Security;;;Elevator in Building;,,No,Yes,No,Yes,No,Yes,No,;Balcony;,Not Available,0,1 Year,1,1,Apartment,$2195,1471 South Park Street; Halifax; NS; B3J 0J7,Laundry (In Unit),Dishwasher,Fridge / Freezer
,,No,No,No,Yes,Limited,No,No,Yard;Balcony;,Not Available,2,1 Year,3,2,Apartment,$2300,St. Margaret's Bay Road; Halifax; NS; B3N 1K1,Laundry (In Unit),Dishwasher,Fridge / Freezer
,,No,No,No,Yes,Limited,No,No,,Not Available,0,1 Year,4,1,Apartment,$2475,Robie Street; Halifax; NS; B3K 4P2,Laundry (In Unit),Dishwasher,Fridge / Freezer
,,No,,,,Limited,Yes,No,Yard;Balcony;,Not Available,2,1 Year,4,2.5,House,$3600,Nightingale Drive; Halifax; NS; B3M 1V4,Laundry (In Unit),Dishwasher,Fridge / Freezer
;;;;;;Elevator in Building;,,No,Yes,No,Yes,No,No,No,;Balcony;,Not Available,0,1 Year,1,1,Apartment,$1795,7137 QUINPOOL ROAD; HALIFAX; NS; B3L 1C8,Laundry (In Building),Dishwasher,Fridge / Freezer
,,No,,,,Limited,Yes,No,;Balcony;,Not Available,2,1 Year,3 + Den,1,House,$2100,Beaverbank Rd; Lower sackville; NS; B4E 1G4,Laundry (In Unit),,Fridge / Freezer
;;;24 Hour Security;;;Elevator in Building;,,No,Yes,No,Yes,No,Yes,No,;Balcony;,Not Available,0,1 Year,2,1,Apartment,$2795,1471 South Park Street; Halifax; NS; B3J 0J7,Laundry (In Unit),Dishwasher,Fridge / Freezer
,,No,No,No,Yes,No,No,Outdoors only,;Balcony;,1,0,1 Year,1,1,Apartment,$1795,2360 Hunter Street; Halifax; NS; B3K 4V6,Laundry (In Building),,Fridge / Freezer
,,No,Yes,Yes,Yes,No,No,Outdoors only,,1;000,0,1 Year,1,1,Apartment,$2250,Halifax; NS B3J 2K8,Laundry (In Unit),Dishwasher,Fridge / Freezer
,,No,Yes,No,Yes,Limited,No,Outdoors only,Yard;;,900,0,1 Year,3,1,Apartment,$2700,Halifax; NS B3K 3B9,Laundry (In Building),Dishwasher,Fridge / Freezer
,,No,,,,Limited,Yes,No,Yard;Balcony;,Not Available,3+,1 Year,5+,4.5,House,$5300,Admiral Cove Drive; Bedford; NS; B4A 3N8,Laundry (In Unit),Dishwasher,Fridge / Freezer
,,No,No,No,Yes,Yes,Yes,No,,600,0,1 Year,1,1,Apartment,$1995,Birmingham Street; Halifax; NS,Laundry (In Unit),Dishwasher,Fridge / Freezer
,,No,,,,No,Yes,No,,2;400,1,1 Year,4,3.5,Townhouse,$3000,45 Eliza Ritchie Cres; Halifax; NS B3M 1Y1,,,
;;;24 Hour Security;;Storage Space;Elevator in Building;,,No,No,No,Yes,Yes,No,No,;Balcony;,1;300,1,1 Year,2 + Den,2,Apartment,$2650,Crown Drive; Halifax; NS,Laundry (In Unit),Dishwasher,Fridge / Freezer
Gym;;Concierge;24 Hour Security;Bicycle Parking;;Elevator in Building;,,No,Yes,No,Yes,Limited,No,No,;Balcony;,Not Available,0,1 Year,1,1,Apartment,Please Contact,1545 / 1551 South Park Street; Halifax; NS; B3J 4B3,Laundry (In Unit),Dishwasher,Fridge / Freezer
;;;;Bicycle Parking;;;,,No,Yes,No,Yes,Limited,No,Yes,;Balcony;,Not Available,0,1 Year,1,1,Apartment,Please Contact,1015 Barrington Street; Halifax; NS; B3H 4R4,Laundry (In Unit),Dishwasher,Fridge / Freezer
,,No,No,No,Yes,No,Yes,No,;Balcony;,1;000,1,1 Year,2 + Den,2,Apartment,$2200,Adelaide Avenue; Halifax; NS,Laundry (In Unit),Dishwasher,Fridge / Freezer
,,No,No,No,Yes,Limited,Yes,Outdoors only,;Balcony;,700,1,1 Year,1,1,Apartment,$1695,3210 Agricola Street; Halifax; NS,Laundry (In Unit),,Fridge / Freezer
;Pool;;;Bicycle Parking;;Elevator in Building;,,No,Yes,No,Yes,Limited,No,Yes,,Not Available,0,1 Year,1,1,Apartment,Please Contact,5415 Victoria Road; Halifax; NS; B3H 4K5,Laundry (In Building),,Fridge / Freezer
;;;;;;Elevator in Building;,,No,Yes,No,Yes,Limited,No,Yes,,Not Available,1,1 Year,2,1,Apartment,Please Contact,30 Ridgevalley Road; Halifax; NS; B3P 2J8,Laundry (In Building),,Fridge / Freezer
Gym;;;;Bicycle Parking;Storage Space;;,,No,Yes,No,Yes,No,No,No,,1;108,0,1 Year,2 + Den,2,Apartment,$2695,5251 South Street; Halifax; NS; B3J 4B2,Laundry (In Unit),Dishwasher,Fridge / Freezer
,,No,No,No,Yes,No,No,No,;Balcony;,1,0,1 Year,2,1,House,$814,Halifax; NS B3L 1T8,Laundry (In Unit),,Fridge / Freezer
,,No,Yes,Yes,Yes,No,No,No,,500,0,1 Year,1 + Den,1,Apartment,$1800,Morris St; Halifax; NS B3J 1C4,,Dishwasher,Fridge / Freezer
,,Yes,,,,No,No,No,,110,0,Month-to-month,1,1,Apartment,$750,6269 Cork St; Halifax; NS B3L 1Y8,,,
,;Internet;,Yes,Yes,No,Yes,No,No,No,,700,0,Month-to-month,4,2,Apartment,$800,Coburg Rd; Halifax; NS B3H 2A1,Laundry (In Building),Dishwasher,Fridge / Freezer
Gym;;;24 Hour Security;Bicycle Parking;Storage Space;;,,No,,,,No,No,No,,667,0,1 Year,1 + Den,1,Apartment,$2025,5251 South Street; Halifax; NS; B3J 4B2,Laundry (In Unit),Dishwasher,Fridge / Freezer
,,No,Yes,No,Yes,Limited,No,No,,219,0,1 Year,Bachelor/Studio,1,Apartment,$1395,1351 Barrington Street; Halifax; NS; B3J 1Y9,Laundry (In Building),,
,,No,,,,No,No,No,,4;400,0,1 Year,3,3,House,$3995,12 Palmer Hill; Halifax; NS; B3N 1S5,Laundry (In Unit),Dishwasher,Fridge / Freezer
,,No,Yes,No,Yes,Limited,No,No,,520,0,1 Year,1,1,Apartment,$1595,1343 Barrington Street; Halifax; NS; B3J 1Y9,Laundry (In Building),,
;;;;;Storage Space;Elevator in Building;,,No,No,No,Yes,Yes,No,No,;Balcony;,1;300,1,1 Year,2 + Den,2,Apartment,$2650,Crown Drive; Halifax; NS,Laundry (In Unit),,
,,No,Yes,Yes,Yes,Limited,No,No,,700,0,1 Year,1,1,Apartment,$1710,Halifax; NS B3J 2E7,Laundry (In Building),,Fridge / Freezer
Gym;;;;;Storage Space;;,,No,No,No,Yes,Limited,No,No,;Balcony;,Not Available,2,1 Year,1,1,Condo,$2000,45 Vimy Avenue; Halifax; NS; B3M 1G4,Laundry (In Unit),Dishwasher,Fridge / Freezer
Gym;;;24 Hour Security;Bicycle Parking;Storage Space;Elevator in Building;,,No,No,No,Yes,Limited,Yes,Outdoors only,,1;089,1,1 Year,2,2,Condo,$2800,Halifax; NS B3M 1M9,,,
,,No,Yes,No,Yes,Yes,No,No,Yard;Balcony;,500,1,1 Year,1,1,Apartment,$1890,Connaught Avenue; Halifax; NS,Laundry (In Unit),,
;;;;;;Elevator in Building;,,Yes,No,No,Yes,No,No,No,,500,0,1 Year,1,1,Condo,$2050,Halifax; NS B3K 0C5,Laundry (In Unit),,Fridge / Freezer
,,No,No,No,Yes,No,No,No,Yard;;,1;800,1,1 Year,3 + Den,2.5,House,$4800,Creighton St; Halifax; NS,Laundry (In Unit),Dishwasher,Fridge / Freezer
,;Internet;,Yes,,,,Limited,Yes,Outdoors only,;Balcony;,1;250,1,Month-to-month,1 + Den,1,Apartment,Please Contact,Abbey Rd; Halifax; B3P 2M6,Laundry (In Building),,Fridge / Freezer
,,No,Yes,No,Yes,No,No,No,,100,1,Month-to-month,Bachelor/Studio,1,Apartment,$1495,Halifax; NS B3H 2W8,Laundry (In Building),,Fridge / Freezer
,,No,,,,No,Yes,No,Yard;Balcony;,2;352,3+,1 Year,3 + Den,3.5,Townhouse,$2500,Halifax; NS B3J,Laundry (In Unit),Dishwasher,Fridge / Freezer
,,No,,,,Limited,Yes,No,;Balcony;,Not Available,3+,1 Year,3,2.5,House,$5500,Brecken Ridge Lane; Lower Sackville; NS; B4C 4G9,Laundry (In Unit),Dishwasher,Fridge / Freezer
,;Internet;,No,Yes,Yes,Yes,Yes,Yes,No,,800,0,Month-to-month,1,1,Apartment,$1800,Chambers Court; Halifax; NS,Laundry (In Unit),,
,,No,,,,Limited,No,Outdoors only,;Balcony;,Not Available,0,1 Year,2,1,Apartment,$1250,137; 145; and 149 Walker Avenue; Lower Sackville; NS; B4C 4C2,,Dishwasher,
,Cable / TV;Internet;,Yes,Yes,Yes,Yes,Yes,Yes,Outdoors only,;Balcony;,1;032,2,1 Year,2,1.5,House,$1275,Halifax; NS B3J,,,
,,No,,,,Limited,Yes,No,Yard;Balcony;,2;000,2,1 Year,4,3.5,Townhouse,$3200,NS-102; Halifax; NS; B3K 4R2,Laundry (In Unit),Dishwasher,Fridge / Freezer
,,No,Yes,No,Yes,Limited,No,Outdoors only,,750,0,1 Year,1,1,Apartment,$1600,5760 Inglis Street; Halifax; NS,Laundry (In Building),,
,,Yes,Yes,No,Yes,Limited,No,Outdoors only,Yard;;,100,3+,Month-to-month,1 + Den,1,Basement,$1450,Middle Sackville; NS B4E 3A7,,,
,;Internet;,No,Yes,No,Yes,No,No,No,,2,1,Month-to-month,2,2,Apartment,$900,Regency Park Dr; Halifax; NS B3S,Laundry (In Unit),Dishwasher,Fridge / Freezer
Gym;;;;;Storage Space;Elevator in Building;,,No,Yes,No,Yes,Yes,No,No,;Balcony;,Not Available,0,1 Year,1,1,Apartment,Please Contact,6450 Bayers Road; Halifax; NS; B3L 0C7,Laundry (In Unit),Dishwasher,Fridge / Freezer
;;;;;;Elevator in Building;,,No,Yes,No,Yes,Limited,No,No,;Balcony;,Not Available,1,1 Year,2,2,Apartment,$2325,420 Larry Uteck Boulevard; Halifax; NS; B3M 0G5,Laundry (In Unit),Dishwasher,Fridge / Freezer
,,Yes,Yes,No,Yes,No,No,No,Yard;Balcony;,1,0,1 Year,3,1,House,$3200,Halifax; NS B3L 3G8,Laundry (In Unit),Dishwasher,Fridge / Freezer
,,No,,,,No,No,No,,775,0,1 Year,1,1,Apartment,$1675,37 Main Ave; Halifax; NS B3M 1A2,,,
;;;;;;Elevator in Building;,,No,Yes,No,Yes,No,No,No,;Balcony;,Not Available,0,1 Year,2,1,Apartment,$2295,5511 Charles St.; Halifax; NS; B3K 1K1,Laundry (In Building),Dishwasher,Fridge / Freezer
,,No,,,,Limited,No,No,,Not Available,1,1 Year,1,1,Basement,$1450,3248 Veith Street; Halifax; NS; B3K 3H1,Laundry (In Building),,Fridge / Freezer
,,No,Yes,No,Yes,Limited,No,Outdoors only,;Balcony;,2;500,1,1 Year,3,1.5,Townhouse,$2250,Bedford Highway; Halifax; NS B3M 2J2,Laundry (In Unit),,Fridge / Freezer
;;;;;Storage Space;;,,No,Yes,Yes,Yes,No,Yes,No,Yard;;,600,1,1 Year,1,1,Apartment,$2350,Henry Street; Halifax; NS,Laundry (In Unit),Dishwasher,Fridge / Freezer
Gym;;;;Bicycle Parking;;Elevator in Building;,,No,Yes,No,Yes,Yes,No,No,;Balcony;,667,0,1 Year,1,1,Apartment,$1975,2334 Longard Plaza; Halifax; NS; B3K 5K6,Laundry (In Building),,Fridge / Freezer
,,No,,,,Yes,No,Outdoors only,,700,0,1 Year,1,1,Apartment,Please Contact,North St; Halifax; NS; B3M 2B3,,,
Gym;;;;Bicycle Parking;Storage Space;Elevator in Building;,,No,No,No,Yes,Limited,Yes,Outdoors only,,914,1,1 Year,2,1.5,Condo,$2500,45 Vimy Avenue; Halifax; NS,Laundry (In Unit),,
,,No,No,Yes,No,No,Yes,No,Yard;;,900,1,1 Year,2,1,Apartment,$2300,Main Avenue; Halifax; NS,Laundry (In Unit),Dishwasher,Fridge / Freezer
,,No,,,,Limited,Yes,Outdoors only,Yard;Balcony;,1;424,2,1 Year,3 + Den,1.5,Townhouse,$2100,266 Charles Road; Timberlea; NS,Laundry (In Unit),Dishwasher,Fridge / Freezer
,,No,No,No,Yes,No,Yes,No,;Balcony;,1;000,1,1 Year,2 + Den,2,Apartment,$2200,Adelaide Avenue; Halifax; NS,Laundry (In Unit),Dishwasher,Fridge / Freezer
;;;;Bicycle Parking;;Elevator in Building;,,No,Yes,No,Yes,Limited,No,Yes,,Not Available,0,1 Year,1,1,Apartment,Please Contact,5651 Ogilvie Street; Halifax; NS; B3H 1B9,Laundry (In Building),,Fridge / Freezer
Gym;;;24 Hour Security;Bicycle Parking;Storage Space;;,,No,Yes,No,Yes,No,No,No,,1;437,0,1 Year,2 + Den,2,Apartment,$4195,5450 Kaye Street; Halifax; NS; B3K 0G7,Laundry (In Unit),Dishwasher,Fridge / Freezer
;Pool;;;Bicycle Parking;;Elevator in Building;,,No,Yes,No,Yes,Limited,No,Yes,,Not Available,0,1 Year,1,1,Apartment,Please Contact,5415 Victoria Road; Halifax; NS; B3H 4K5,Laundry (In Building),,Fridge / Freezer
;;;;Bicycle Parking;;;,,No,Yes,No,Yes,Limited,No,Yes,;Balcony;,Not Available,0,1 Year,1,1,Apartment,Please Contact,1015 Barrington Street; Halifax; NS; B3H 4R4,Laundry (In Unit),Dishwasher,Fridge / Freezer
;;;;;;Elevator in Building;,,No,Yes,No,Yes,Limited,No,Yes,,Not Available,1,1 Year,2,1,Apartment,Please Contact,30 Ridgevalley Road; Halifax; NS; B3P 2J8,Laundry (In Building),,Fridge / Freezer
,,No,,,,No,No,No,,500,1,1 Year,1 + Den,1,Apartment,Please Contact,6299 South St; Halifax; NS B3H 4J1,,,
,,No,,,,Limited,No,Outdoors only,Yard;Balcony;,2;600,2,1 Year,4,2,House,$4000,McLean Street; Halifax; NS,Laundry (In Unit),Dishwasher,Fridge / Freezer
,,No,,,,Yes,No,No,,1;000,1,1 Year,2,1,Condo,$2350,131 Farnham Gate Rd; Halifax; NS B3M 4A4,,,
;;;;;Storage Space;;,,No,No,No,Yes,Yes,Yes,Outdoors only,Yard;Balcony;,650,0,1 Year,2,1,Apartment,$2200,Halifax; NS B3R 1W4,Laundry (In Unit),Dishwasher,Fridge / Freezer
,,No,,,,Limited,No,Outdoors only,,1;800,1,1 Year,3,1,House,$3000,Halifax; NS B3H 2S9,Laundry (In Unit),,Fridge / Freezer
,,No,,,,Yes,No,Outdoors only,,100,0,1 Year,Bachelor/Studio,1,Apartment,$800,Halifax; NS B3M 3W8,,,
,,No,,,,No,No,No,,650,1,1 Year,1,1,House,$1500,8 Higgins Ave; Beechville; NS B3T 1A7,,,
,,Yes,,,,Limited,No,Yes,,1;050,1,1 Year,1,1,Basement,$1600,38 Travertine Ct; Halifax; NS B3R 1X6,,,
Gym;;;24 Hour Security;Bicycle Parking;Storage Space;Elevator in Building;,,No,Yes,No,Yes,Limited,Yes,No,;Balcony;,705,0,1 Year,1,1,Apartment,$1975,Gladstone Street; Halifax; NS,Laundry (In Unit),Dishwasher,Fridge / Freezer
,,No,,,,No,Yes,Outdoors only,Yard;Balcony;,1;000,2,1 Year,2,1,House,$2250,12 Parkmoor Ave; Halifax; NS B3R 1B4,Laundry (In Unit),,Fridge / Freezer
,,No,,,,Limited,Yes,No,Yard;Balcony;,Not Available,2,1 Year,3 + Den,3,House,$2800,John Brackett Drive; Herring Cove; NS; B3V 1G8,Laundry (In Unit),Dishwasher,Fridge / Freezer
,,No,,,,Yes,No,No,;Balcony;,550,0,1 Year,2,1,Apartment,$2400,Young Ave; Halifax; NS B3H 2V3,Laundry (In Unit),Dishwasher,Fridge / Freezer
,,No,,,,No,Yes,No,,500,0,1 Year,1,1,Apartment,$1350,2709 Agricola St; Halifax; NS B3K 4C7,,,
,,No,Yes,Yes,Yes,Yes,No,No,Yard;;,950,2,1 Year,2,1,House,$2600,713 St Margarets Bay Rd; Halifax; NS,Laundry (In Unit),Dishwasher,Fridge / Freezer
;;;;;;Elevator in Building;,,No,Yes,No,No,Limited,No,No,,Not Available,0,1 Year,2,2,Apartment,$2450,333 Main Avenue; Halifax; NS; B3S 0B6,Laundry (In Unit),,
,,No,No,No,Yes,Yes,Yes,No,,1;000,0,1 Year,2,1.5,Apartment,$2395,Lucknow Street; Halifax; NS,Laundry (In Unit),Dishwasher,Fridge / Freezer
,,No,No,No,Yes,Limited,No,Outdoors only,;Balcony;,2;199,1,1 Year,3,4,Townhouse,$2500,Tarragon Lane; Halifax; NS,Laundry (In Unit),Dishwasher,Fridge / Freezer
,;Internet;,No,No,No,Yes,Limited,No,No,,750,0,1 Year,2,1,Apartment,$2100,Halifax; NS B3K 3R8,Laundry (In Unit),Dishwasher,Fridge / Freezer
Gym;;;;Bicycle Parking;;Elevator in Building;,;Internet;,Yes,Yes,Yes,Yes,No,Yes,No,;Balcony;,521,1,Month-to-month,1,1,Apartment,$1900,Seymour Street; Halifax; NS,Laundry (In Unit),,
;;;;;;Elevator in Building;,,No,Yes,No,Yes,No,No,No,,Not Available,0,1 Year,1,1,Apartment,$1750,49-57 Melrose Avenue; Halifax; NS; B3N 2E5,Laundry (In Unit),Dishwasher,Fridge / Freezer
Gym;;Concierge;24 Hour Security;Bicycle Parking;Storage Space;Elevator in Building;,,No,Yes,Yes,Yes,Yes,Yes,Outdoors only,;Balcony;,1;200,0,Month-to-month,2,1.5,Apartment,$1250,Barkton Ln; Halifax; NS B3M,Laundry (In Building),Dishwasher,Fridge / Freezer
Gym;;;;Bicycle Parking;Storage Space;Elevator in Building;,,No,,,,Yes,No,No,;Balcony;,507,0,1 Year,Bachelor/Studio,1,Apartment,$2030,1920 Brunswick Street; Halifax; NS; B3J 0C5,Laundry (In Unit),Dishwasher,Fridge / Freezer
,,No,Yes,No,Yes,Yes,No,Outdoors only,;Balcony;,850,1,1 Year,2,1,Apartment,$2100,Churchill Drive; Halifax; NS,Laundry (In Building),Dishwasher,Fridge / Freezer
,;Internet;,No,,,,No,No,Yes,,1;300,0,Month-to-month,2,1,Apartment,$450,235 Willett St; Halifax; NS B3M 3M9,Laundry (In Building),,Fridge / Freezer
,,Yes,No,No,Yes,No,No,Outdoors only,Yard;;,500,1,1 Year,1,1,Basement,$1650,Lakeside; NS B3T 1M4,Laundry (In Unit),,Fridge / Freezer
;;;24 Hour Security;Bicycle Parking;;Elevator in Building;,,No,No,No,Yes,No,No,No,,420,0,1 Year,Bachelor/Studio,1,Apartment,$1350,5681 Rhuland St; Halifax; NS B3H 4J6,Laundry (In Building),,Fridge / Freezer
;;;;;;Elevator in Building;,,No,Yes,No,Yes,Yes,No,Outdoors only,,500,0,1 Year,1,1,Apartment,$1860,5651 Ogilvie Street; Halifax; NS,Laundry (In Building),,
,Cable / TV;Internet;,Yes,Yes,Yes,Yes,Limited,No,Outdoors only,Yard;;,2;400,0,Month-to-month,5+,2,House,$850,Beech Street; Halifax; NS,Laundry (In Unit),Dishwasher,Fridge / Freezer
,,No,No,No,Yes,No,No,No,Yard;;,700,1,1 Year,1,1,Townhouse,$1300,Upper Sackville; NS B4E 3C7,Laundry (In Unit),Dishwasher,Fridge / Freezer
,,No,Yes,Yes,Yes,No,No,Outdoors only,Yard;Balcony;,3;500,1,Month-to-month,2,2,House,$990,Halifax; NS B3H 3X2,Laundry (In Unit),Dishwasher,Fridge / Freezer
Gym;;;;;;Elevator in Building;,,No,Yes,No,Yes,Limited,No,No,;Balcony;,Not Available,0,1 Year,2,2,Apartment,$3100,5633 Fenwick St.; Halifax; NS; B3H 1R1,Laundry (In Unit),Dishwasher,Fridge / Freezer
Gym;;;24 Hour Security;;;Elevator in Building;,,No,Yes,No,Yes,Limited,Yes,No,,Not Available,0,1 Year,1,1,Apartment,$2195,5623 Fenwick Street; Halifax; NS; B3H 1R1,Laundry (In Unit),Dishwasher,Fridge / Freezer
Gym;;;;;;Elevator in Building;,,No,Yes,No,Yes,Limited,No,No,;Balcony;,Not Available,0,1 Year,2,1.5,Apartment,$2450,5633 Fenwick St.; Halifax; NS; B3H 1R1,Laundry (In Unit),Dishwasher,Fridge / Freezer
,,No,Yes,No,Yes,No,No,No,;Balcony;,800,1,1 Year,1,1,Apartment,$1425,Halifax; NS B3M 4L5,Laundry (In Building),,
;;;;;;Elevator in Building;,,No,Yes,No,Yes,No,No,No,;Balcony;,1;050,1,1 Year,2,1.5,Apartment,$2095,Caxton Close; Halifax; NS,Laundry (In Building),,
,;Internet;,Yes,Yes,Yes,Yes,Limited,No,No,,1;200,1,Month-to-month,4,1,House,$800,South St; Halifax; NS B3H 1S9,Laundry (In Unit),Dishwasher,Fridge / Freezer
;Pool;;;;;;,,No,No,No,Yes,No,No,No,,850,1,1 Year,2,1,Condo,$2000,Willett St; Halifax; NS; B3M3C8,Laundry (In Unit),Dishwasher,Fridge / Freezer
,,Yes,,,,Limited,No,No,Yard;Balcony;,Not Available,3+,1 Year,2,1,House,$2200,Locke St.; Bedford; NS; B4A 1N1,Laundry (In Unit),,Fridge / Freezer
;;;;;;Elevator in Building;,;Internet;,Yes,Yes,Yes,Yes,Limited,No,No,;Balcony;,500,0,Month-to-month,Bachelor/Studio,1,Apartment,$1400,Halifax; NS B3J 1J4,Laundry (In Building),,Fridge / Freezer
,,No,No,No,Yes,No,Yes,Outdoors only,Yard;;,800,1,1 Year,2,1,Apartment,$2100,Main Avenue; Halifax; NS,Laundry (In Unit),Dishwasher,Fridge / Freezer
;;;;;;Elevator in Building;,,No,Yes,No,Yes,Limited,No,Yes,,Not Available,1,1 Year,2,1,Apartment,Please Contact,30 Ridgevalley Road; Halifax; NS; B3P 2J8,Laundry (In Building),,Fridge / Freezer
,,No,Yes,No,Yes,No,No,No,Yard;;,550,1,1 Year,2,1,Basement,$1900,Halifax; NS B3N,Laundry (In Unit),,Fridge / Freezer
;;;;;Storage Space;;,,No,Yes,No,Yes,Limited,No,Yes,,Not Available,1,1 Year,1,1,Apartment,$1839,85 Westgrove; 241 Willett Street; 235 Willett Street; Halifax; NS; B3M 3L7,Laundry (In Building),,Fridge / Freezer
;;;;Bicycle Parking;;Elevator in Building;,,No,Yes,No,Yes,Limited,No,Yes,,Not Available,0,1 Year,1,1,Apartment,Please Contact,5651 Ogilvie Street; Halifax; NS; B3H 1B9,Laundry (In Building),,Fridge / Freezer
Gym;;Concierge;24 Hour Security;Bicycle Parking;;Elevator in Building;,,No,Yes,No,Yes,Limited,No,No,;Balcony;,Not Available,0,1 Year,1,1,Apartment,Please Contact,1545 / 1551 South Park Street; Halifax; NS; B3J 4B3,Laundry (In Unit),Dishwasher,Fridge / Freezer
,,No,,,,No,No,No,,4;400,0,1 Year,3,3,House,$3995,12 Palmer Hill; Halifax; NS; B3N 1S5,Laundry (In Unit),Dishwasher,Fridge / Freezer
,,No,No,No,Yes,No,Yes,Outdoors only,Yard;;,800,1,1 Year,2,1,Apartment,$2300,Main Avenue; Halifax; NS,Laundry (In Unit),Dishwasher,Fridge / Freezer
,;Internet;,No,No,No,Yes,Yes,No,Outdoors only,Yard;Balcony;,1;686,2,1 Year,3,1.5,House,$3150,Sentinel Square; Halifax; NS B3K,Laundry (In Unit),Dishwasher,Fridge / Freezer
,,No,No,No,Yes,Limited,No,No,,820,1,1 Year,2,1,Apartment,$1395,NS-103; Lakeside; B3T,Laundry (In Building),,Fridge / Freezer
Gym;;;24 Hour Security;Bicycle Parking;;Elevator in Building;,,No,No,No,Yes,Yes,Yes,No,;Balcony;,1;540,1,1 Year,2,2,Condo,$3300,Halifax; NS B3H 3R7,Laundry (In Unit),Dishwasher,Fridge / Freezer
Gym;;Concierge;;;;Elevator in Building;,,Yes,No,No,Yes,No,Yes,No,;Balcony;,698,1,1 Year,2,1,Apartment,$1800,Halifax; NS B3J 3L4,Laundry (In Unit),,
;;;;;;Elevator in Building;,,No,Yes,No,No,Limited,No,No,;Balcony;,356,0,1 Year,Bachelor/Studio,1,Apartment,$1800,5778 South St.; Halifax; NS; B3H 4N5,Laundry (In Building),,
;;;;;;Elevator in Building;,,No,Yes,No,No,Limited,No,No,;Balcony;,562,0,1 Year,1,1,Apartment,$2100,5778 South St.; Halifax; NS; B3H 4N5,Laundry (In Building),,
;Pool;;;;;;,,No,No,No,Yes,No,No,No,;Balcony;,901,1,1 Year,2 + Den,1,Condo,$2300,River Lane; Bedford; NS,Laundry (In Unit),Dishwasher,Fridge / Freezer
,,Yes,Yes,No,Yes,Yes,No,Outdoors only,Yard;Balcony;,600,0,1 Year,1,1,Duplex/Triplex,$1900,Halifax; NS B3L 3A9,Laundry (In Unit),,Fridge / Freezer
Gym;;;;Bicycle Parking;;Elevator in Building;,,No,Yes,No,Yes,Yes,No,No,;Balcony;,1;053,0,1 Year,3,1,Apartment,$3070,2334 Longard Plaza; Halifax; NS; B3K 5K6,Laundry (In Building),,Fridge / Freezer
Gym;;;;Bicycle Parking;Storage Space;Elevator in Building;,,No,Yes,No,Yes,Limited,Yes,No,;Balcony;,720,0,1 Year,1,1.5,Apartment,$2295,5665 Roberts Street; Halifax; NS,Laundry (In Unit),Dishwasher,Fridge / Freezer
Gym;Pool;;;Bicycle Parking;Storage Space;Elevator in Building;,,No,Yes,No,Yes,Yes,No,No,;Balcony;,768,0,1 Year,1,1,Apartment,$2250,1881 Brunswick Street; Halifax; NS; B3J 3L8,Laundry (In Building),Dishwasher,Fridge / Freezer
,,No,No,No,Yes,No,Yes,No,Yard;Balcony;,2;184,2,1 Year,3,1.5,House,$2700,Barry Crescent; Herring Cove; NS,Laundry (In Unit),Dishwasher,Fridge / Freezer
,,No,,,,Limited,No,No,,1;090,0,1 Year,2,1.5,Apartment,$2900,5633 Fenwick St.; Halifax; NS; B3H 1R1,,,
,,No,,,,Limited,No,No,,840,0,1 Year,2,1,Apartment,$2600,5633 Fenwick St.; Halifax; NS; B3H 1R1,,,
Gym;;;24 Hour Security;;;Elevator in Building;,,No,Yes,No,Yes,Limited,Yes,No,;Balcony;,Not Available,0,1 Year,1,1,Apartment,$2450,5633 Fenwick St.; Halifax; NS; B3H 1R1,Laundry (In Unit),Dishwasher,Fridge / Freezer
Gym;;;;;;Elevator in Building;,,No,Yes,No,Yes,Limited,No,No,;Balcony;,450,0,1 Year,Bachelor/Studio,1,Apartment,$1995,5633 Fenwick St.; Halifax; NS; B3H 1R1,Laundry (In Unit),Dishwasher,Fridge / Freezer
,,No,Yes,No,Yes,Yes,No,Outdoors only,;Balcony;,650,1,1 Year,1,1,Apartment,$2200,960 Barrington St; Halifax; B3H 2P7,Laundry (In Building),Dishwasher,Fridge / Freezer
,;Internet;,No,Yes,No,Yes,Limited,No,Outdoors only,;Balcony;,1;200,1,1 Year,2 + Den,1.5,Apartment,$1000,Halifax; NS B3J 1A5,Laundry (In Building),Dishwasher,Fridge / Freezer
,;Internet;,Yes,Yes,Yes,Yes,Limited,Yes,No,;Balcony;,1;000,1,1 Year,2,1,Apartment,$2950,Halifax; NS B3H 2B1,Laundry (In Unit),Dishwasher,Fridge / Freezer
,,Yes,Yes,Yes,Yes,Limited,Yes,No,,1,0,Month-to-month,4,1,Apartment,$3500,Halifax; NS B3J 2E9,Laundry (In Building),Dishwasher,Fridge / Freezer
,,No,,,,Limited,No,No,,900,0,1 Year,2,1,Apartment,$1949,6416 London St; Halifax; NS B3L 1X4,,,
,,No,Yes,No,No,Limited,Yes,No,Yard;;,850,1,1 Year,2,1,Basement,$1900,Halifax; NS B3R 1R3,Laundry (In Unit),Dishwasher,Fridge / Freezer
,,No,Yes,No,No,Limited,No,No,Yard;Balcony;,1;500,2,1 Year,3,2,House,$2700,Halifax; NS B3R 1R3,Laundry (In Unit),Dishwasher,Fridge / Freezer
;;;24 Hour Security;;Storage Space;Elevator in Building;,,No,Yes,No,Yes,Limited,No,Yes,;Balcony;,820,0,1 Year,1,1,Apartment,$1935,26 Carrington PL; Halifax; NS; B3S 1J8,Laundry (In Unit),,Fridge / Freezer
,,No,,,,Yes,No,Outdoors only,,1;000,0,1 Year,1,1,Apartment,Please Contact,North St; Halifax; NS; B3M 2B3,,,
Gym;;;;;;Elevator in Building;,,No,Yes,No,Yes,Limited,No,No,;Balcony;,750,0,1 Year,2,1,Apartment,$2600,5633 Fenwick St.; Halifax; NS; B3H 1R1,Laundry (In Unit),Dishwasher,Fridge / Freezer
,,No,Yes,No,Yes,Limited,No,No,;Balcony;,1;100,0,1 Year,2,1.5,Apartment,$2900,5633 Fenwick St.; Halifax; NS; B3H 1R1,Laundry (In Unit),Dishwasher,Fridge / Freezer
,,Yes,,,,No,Yes,No,,1,0,1 Year,1,1,Apartment,$1100,56 Walter Havill Dr; Halifax; NS B3N 0C3,,,
,,No,,,,Limited,No,Outdoors only,Yard;Balcony;,2;300,2,1 Year,3,3.5,House,Please Contact,Transom Drive; Halifax; NS,Laundry (In Unit),Dishwasher,Fridge / Freezer
,;Internet;,No,Yes,No,Yes,No,No,Outdoors only,Yard;Balcony;,900,1,1 Year,2,1,Basement,$2250,Halifax; NS B3N 2M8,Laundry (In Unit),Dishwasher,Fridge / Freezer
,,No,,,,No,Yes,No,,300,1,Month-to-month,Bachelor/Studio,1,Apartment,$1600,Halifax; NS; B3H 3M5,,,
,,Yes,,,,Limited,No,Outdoors only,,2;110,1,1 Year,1,1,Condo,$2200,Coburg Road; Halifax; NS,Laundry (In Building),,Fridge / Freezer
,,No,,,,Limited,No,Outdoors only,Yard;;,900,0,1 Year,2,1,Duplex/Triplex,$846,Halifax; NS B3K 4N2,Laundry (In Building),,Fridge / Freezer
,,No,No,No,Yes,Yes,Yes,No,;Balcony;,Not Available,1,1 Year,2,1,Apartment,$2000,586 Pockwock Road; Upper Hammonds Plains; NS; B2N 1N2,Laundry (In Unit),Dishwasher,Fridge / Freezer
Gym;;Concierge;24 Hour Security;Bicycle Parking;;Elevator in Building;,,No,Yes,Yes,Yes,Yes,Yes,No,,790,0,1 Year,1,1,Apartment,$2100,6433 Young Street; Halifax; NS,Laundry (In Unit),Dishwasher,Fridge / Freezer
Gym;;;;Bicycle Parking;;Elevator in Building;,;Internet;,Yes,Yes,Yes,Yes,No,No,No,,1;200,0,Month-to-month,1,2,Apartment,$930,Seymour Street; Halifax; NS,Laundry (In Building),Dishwasher,Fridge / Freezer
,,No,,,,Limited,Yes,No,,560,0,1 Year,1,1,Condo,$2050,Halifax; NS B3K 1H7,Laundry (In Unit),,
Gym;Pool;Concierge;24 Hour Security;Bicycle Parking;Storage Space;Elevator in Building;,,No,No,No,Yes,Limited,Yes,Outdoors only,;Balcony;,700,1,1 Year,2,2,Condo,$2900,1048 Wellington Street; Halifax; NS,Laundry (In Unit),Dishwasher,Fridge / Freezer
;;;;;Storage Space;;,,No,Yes,No,Yes,Limited,No,Yes,,Not Available,1,1 Year,1,1,Apartment,$1839,85 Westgrove; 241 Willett Street; 235 Willett Street; Halifax; NS; B3M 3L7,Laundry (In Building),,Fridge / Freezer
Gym;;;;Bicycle Parking;;Elevator in Building;,,No,Yes,No,Yes,No,Yes,No,;Balcony;,Not Available,0,1 Year,1 + Den,1,Apartment,Please Contact,230 Larry Uteck Blvd; Bedford; NS; B3N 0N1,Laundry (In Unit),Dishwasher,Fridge / Freezer
;;;;;;Elevator in Building;,,No,Yes,No,Yes,Limited,No,Yes,,Not Available,1,1 Year,2,1,Apartment,Please Contact,30 Ridgevalley Road; Halifax; NS; B3P 2J8,Laundry (In Building),,Fridge / Freezer
;;;;Bicycle Parking;;;,,No,Yes,No,Yes,Limited,No,Yes,;Balcony;,Not Available,0,1 Year,1,1,Apartment,Please Contact,1015 Barrington Street; Halifax; NS; B3H 4R4,Laundry (In Unit),Dishwasher,Fridge / Freezer
,,No,Yes,No,Yes,No,No,No,Yard;;,550,1,1 Year,2,1,Basement,$1900,Halifax; NS B3N,Laundry (In Unit),,Fridge / Freezer
,,No,,,,No,No,No,,4;400,0,1 Year,3,3,House,$3995,12 Palmer Hill; Halifax; NS; B3N 1S5,Laundry (In Unit),Dishwasher,Fridge / Freezer
,,No,,,,Limited,No,No,,1;200,0,1 Year,2,1,House,$2100,Auburn Ave; Halifax; B3K 1R4,,,
;;;;;;Elevator in Building;,,No,Yes,Yes,Yes,No,No,No,;Balcony;,460,0,1 Year,Bachelor/Studio,1,Apartment,$1750,Tobin Street; Halifax; NS,Laundry (In Building),Dishwasher,Fridge / Freezer
;;;24 Hour Security;;Storage Space;Elevator in Building;,,No,,,,No,No,No,;Balcony;,1;050,0,1 Year,2,2,Apartment,$475,Halifax; NS B3J 1B4,Laundry (In Unit),,
,,No,Yes,No,Yes,Limited,No,Outdoors only,;Balcony;,500,0,1 Year,Bachelor/Studio,1,Apartment,$1250,5760 Inglis Street; Halifax; NS,Laundry (In Building),,Fridge / Freezer
,,No,No,No,Yes,Limited,No,No,Yard;;,720,0,1 Year,1,1,Basement,$1500,Halifax; NS B3R 0C4,Laundry (In Unit),,
,,No,,,,Limited,Yes,Outdoors only,,2;600,0,1 Year,3,1.5,Apartment,$966,6409 Quinpool Rd; Halifax; NS B3L 1A7,,,
Gym;;;24 Hour Security;;;Elevator in Building;,;Internet;,Yes,Yes,No,Yes,No,No,No,;Balcony;,850,0,Month-to-month,2 + Den,2,Apartment,$2600,5633 Fenwick Street; Halifax; NS,Laundry (In Unit),Dishwasher,Fridge / Freezer
,,No,,,,No,No,No,,800,1,1 Year,2,1,Apartment,$1530,Robie St; Halifax; NS B3K 4R8,,,
,,,,,,,,,,,,,,,,$1675,5633 Fenwick St; Halifax; B3H 1R2,,,
,,No,Yes,No,Yes,Yes,No,No,Yard;;,1;000,0,1 Year,2,1,Apartment,$2250,Halifax; NS B3H 1P5,Laundry (In Building),,
,,,,,,,,,,,,,,,,$1000,Poplar St; Halifax; B3L 2Y6,,,
,,No,,,,Limited,Yes,No,Yard;Balcony;,2;000,2,1 Year,3 + Den,4,House,$2800,Gala Court; Halifax; NS,Laundry (In Unit),Dishwasher,Fridge / Freezer
,,No,No,No,Yes,Limited,Yes,Outdoors only,Yard;;,1,1,1 Year,3,1,House,$2400,Halifax; NS B3K 4B5,Laundry (In Unit),Dishwasher,Fridge / Freezer
Gym;;;;;;Elevator in Building;,,No,Yes,No,Yes,Yes,No,No,;Balcony;,Not Available,1,1 Year,2,2,Apartment,$2200,157 Trunk 2; Enfield; NS; B2T 1C8,Laundry (In Unit),Dishwasher,Fridge / Freezer
,,No,,,,Limited,Yes,Outdoors only,,1;500,1,1 Year,2 + Den,1.5,Condo,$2850,Gainsborough Pl; Halifax; NS B3K 5R8,,,
Gym;;;;;Storage Space;Elevator in Building;,,Yes,Yes,No,Yes,No,No,Outdoors only,;Balcony;,1;200,1,1 Year,2,2,Condo,$2480,Larry Uteck Boulevard; Halifax; NS,Laundry (In Unit),Dishwasher,Fridge / Freezer
;;;;;;Elevator in Building;,,No,No,No,Yes,Limited,No,No,,700,0,1 Year,1,1,Apartment,$1725,Dutch Village Road; Halifax; NS,Laundry (In Unit),Dishwasher,Fridge / Freezer
,;Internet;,No,No,No,Yes,Yes,No,Outdoors only,Yard;Balcony;,1;100,2,1 Year,2,1.5,House,$2200,Rosedale Ave; Halifax; NS B3N 2J2,Laundry (In Building),Dishwasher,Fridge / Freezer
;;;;Bicycle Parking;;Elevator in Building;,;Internet;,Yes,Yes,No,Yes,No,No,Outdoors only,Yard;;,355,0,Month-to-month,Bachelor/Studio,1,Apartment,$1440,Halifax; NS B3H,Laundry (In Building),Dishwasher,Fridge / Freezer
,;Internet;,No,Yes,Yes,Yes,No,Yes,No,;Balcony;,1;500,1,1 Year,3,3,Apartment,$3000,Halifax; NS B3N 2N4,Laundry (In Unit),Dishwasher,Fridge / Freezer
,,No,Yes,Yes,Yes,Limited,No,No,Yard;Balcony;,950,1,1 Year,2,1,Duplex/Triplex,$2300,16 Birches Dr; Halifax; NS B3N 1J1,Laundry (In Building),,
,,No,,,,No,No,No,,905,0,1 Year,2,2,Apartment,$2700,5601 Fenwick St.; Halifax; NS; B3H 1R1,,,
,;Internet;,No,Yes,Yes,Yes,Yes,Yes,No,,600,0,1 Year,2,1,Apartment,$1750,Halifax; NS B3K 2S1,,,Fridge / Freezer
,,No,No,No,Yes,Limited,No,Outdoors only,Yard;Balcony;,1;200,1,1 Year,2,1,Duplex/Triplex,$2400,3861 Kencrest Ave; Halifax; NS B3K 3L4,Laundry (In Unit),,
Gym;;;24 Hour Security;Bicycle Parking;Storage Space;Elevator in Building;,,No,Yes,No,Yes,Yes,Yes,Outdoors only,;Balcony;,40,2,Month-to-month,2,2,Apartment,$2925,Chestnut Street; Halifax; NS,Laundry (In Unit),Dishwasher,Fridge / Freezer
,,No,Yes,No,Yes,No,Yes,No,;Balcony;,Not Available,1,1 Year,2,1,Apartment,$2550,533 Sackville Dr.; Lower Sackville; NS; B4C 2S1,Laundry (In Unit),Dishwasher,Fridge / Freezer
Gym;;;;;;Elevator in Building;,,No,No,No,Yes,Yes,No,No,;Balcony;,500,0,1 Year,Bachelor/Studio,1,Apartment,$1780,1030 South Park Street; Halifax; NS; B3J 2K9,Laundry (In Building),,Fridge / Freezer
;;;;Bicycle Parking;;Elevator in Building;,,No,No,No,Yes,Yes,No,No,;Balcony;,830,0,1 Year,2,1,Apartment,$2640,1333 South Park Street; Halifax; NS; B3J 2K9,Laundry (In Building),,
;;;;Bicycle Parking;;Elevator in Building;,,No,No,No,Yes,Yes,No,No,;Balcony;,614,0,1 Year,1,1,Apartment,$2110,1333 South Park Street; Halifax; NS; B3J 2K9,Laundry (In Building),,
Gym;Pool;;;Bicycle Parking;Storage Space;Elevator in Building;,,No,No,No,Yes,Yes,No,No,;Balcony;,743,0,1 Year,1,1,Apartment,$2100,5770 Spring Garden Road; Halifax; NS; B3H 4J8,Laundry (In Building),Dishwasher,Fridge / Freezer
Gym;;;;Bicycle Parking;Storage Space;Elevator in Building;,,No,,,,Yes,No,No,;Balcony;,700,0,1 Year,1,1,Apartment,$2200,1920 Brunswick Street; Halifax; NS; B3J 0C5,Laundry (In Unit),Dishwasher,Fridge / Freezer
,,No,,,,Yes,Yes,No,,1;000,0,Month-to-month,2,2,Condo,$1300,6433 Young St; Halifax; NS B3L 2A4,,,
,,Yes,,,,No,No,No,,500,0,Month-to-month,1,1,Duplex/Triplex,$918,Halifax; NS B3K,,,Fridge / Freezer
Gym;;;;Bicycle Parking;Storage Space;;,,No,Yes,No,Yes,Yes,No,No,;Balcony;,780,0,1 Year,1,1,Apartment,$1895,81 Radcliffe Drive; Halifax; NS; B3M 4L4,Laundry (In Unit),Dishwasher,Fridge / Freezer
Gym;;;;;;Elevator in Building;,,No,Yes,No,Yes,Yes,No,No,;Balcony;,1;470,0,1 Year,2,1,Apartment,$2385,40 Charlotte Lane; Halifax; NS; B3M 4M2,Laundry (In Building),Dishwasher,Fridge / Freezer
Gym;Pool;;;Bicycle Parking;Storage Space;Elevator in Building;,,No,No,No,Yes,Yes,No,No,;Balcony;,1;005,0,1 Year,2,1,Apartment,$2655,5770 Spring Garden Road; Halifax; NS; B3H 4J8,Laundry (In Building),Dishwasher,Fridge / Freezer
Gym;;;;;;Elevator in Building;,,No,Yes,No,Yes,Yes,No,No,;Balcony;,900,0,1 Year,1,1,Apartment,$1985,40 Charlotte Lane; Halifax; NS; B3M 4M2,Laundry (In Building),Dishwasher,Fridge / Freezer
,,No,,,,Limited,Yes,No,,1;050,1,1 Year,2,1.5,Condo,$2500,Quingate Pl; Halifax; NS B3L 4S1,,,
,Cable / TV;;,Yes,,,,Limited,No,No,Yard;;,3;200,3+,1 Year,3,2,House,$2900,Beechville; NS B3T 2G7,,Dishwasher,
Gym;Pool;Concierge;24 Hour Security;Bicycle Parking;;Elevator in Building;,,No,Yes,No,Yes,No,Yes,No,;Balcony;,743,0,1 Year,2,2,Condo,$3000,Granville St; Halifax; NS B3J 1X1,Laundry (In Unit),Dishwasher,Fridge / Freezer
,,No,,,,No,No,No,,4;400,0,1 Year,3,3,House,$3995,12 Palmer Hill; Halifax; NS; B3N 1S5,Laundry (In Unit),Dishwasher,Fridge / Freezer
;Pool;;;Bicycle Parking;;Elevator in Building;,,No,Yes,No,Yes,Limited,No,Yes,,Not Available,0,1 Year,1,1,Apartment,Please Contact,5415 Victoria Road; Halifax; NS; B3H 4K5,Laundry (In Building),,Fridge / Freezer
;;;;Bicycle Parking;;;,,No,Yes,No,Yes,Limited,No,Yes,;Balcony;,Not Available,0,1 Year,1,1,Apartment,Please Contact,1015 Barrington Street; Halifax; NS; B3H 4R4,Laundry (In Unit),Dishwasher,Fridge / Freezer
;;;;;;Elevator in Building;,,No,Yes,No,Yes,Limited,No,Yes,,Not Available,1,1 Year,2,1,Apartment,Please Contact,30 Ridgevalley Road; Halifax; NS; B3P 2J8,Laundry (In Building),,Fridge / Freezer
;;;;;Storage Space;;,,No,Yes,No,Yes,Limited,No,Yes,,Not Available,1,1 Year,1,1,Apartment,$1839,85 Westgrove; 241 Willett Street; 235 Willett Street; Halifax; NS; B3M 3L7,Laundry (In Building),,Fridge / Freezer
Gym;;;24 Hour Security;Bicycle Parking;Storage Space;;,,No,Yes,No,Yes,No,No,No,,1;437,0,1 Year,2 + Den,2,Apartment,$4195,5450 Kaye Street; Halifax; NS; B3K 0G7,Laundry (In Unit),Dishwasher,Fridge / Freezer
;;;;Bicycle Parking;;;,,No,Yes,No,Yes,Yes,No,No,,760,0,1 Year,1,1,Apartment,$2050,5885 Cunard Street; Halifax; NS; B3K 1E3,,,
;;;;Bicycle Parking;Storage Space;Elevator in Building;,,No,No,No,Yes,Yes,No,No,;Balcony;,572,0,1 Year,1,1,Apartment,$1950,2065 Brunswick Street; Halifax; NS; B3K 5T8,Laundry (In Unit),Dishwasher,Fridge / Freezer
,;Internet;,Yes,Yes,Yes,Yes,Limited,Yes,No,Yard;;,1;100,1,Month-to-month,2 + Den,1,Duplex/Triplex,Please Contact,Morris Street; Halifax; NS,Laundry (In Unit),Dishwasher,Fridge / Freezer
;;;;Bicycle Parking;;Elevator in Building;,,No,Yes,No,Yes,Yes,No,Outdoors only,,50,0,1 Year,1,1,Apartment,$1850,Halifax; NS B3H 1B9,Laundry (In Building),,Fridge / Freezer
,,No,Yes,Yes,Yes,No,No,No,,900,1,1 Year,1,1,Apartment,$1875,Halifax; NS B3M,Laundry (In Unit),,Fridge / Freezer
;;;;Bicycle Parking;;;,,No,Yes,No,Yes,Yes,No,No,,961,0,1 Year,2,1,Apartment,$2495,5885 Cunard Street; Halifax; NS; B3K 1E3,,,
Gym;;;;Bicycle Parking;Storage Space;;,,No,Yes,No,Yes,Yes,No,No,;Balcony;,1;350,0,1 Year,2,1,Apartment,$2360,81 Radcliffe Drive; Halifax; NS; B3M 4L4,Laundry (In Unit),Dishwasher,Fridge / Freezer
,,No,,,,Limited,No,No,,600,0,1 Year,Bachelor/Studio,1,Basement,$1650,Cedar St; Halifax; NS B3H,,,
;;;;Bicycle Parking;;;,,No,Yes,No,Yes,No,No,Outdoors only,,550,0,Month-to-month,1,1,Apartment,$2050,Tobin Street; Halifax; NS,Laundry (In Unit),Dishwasher,Fridge / Freezer
,,No,,,,No,No,No,,1;200,1,1 Year,2,2,Apartment,Please Contact,B3P 0H3,,,
Gym;;;;Bicycle Parking;;Elevator in Building;,,No,No,No,Yes,Yes,No,No,;Balcony;,881,0,1 Year,1,1,Apartment,$1985,2074 Robie Street; Halifax; NS; B3K 5L3,Laundry (In Building),Dishwasher,Fridge / Freezer
;;;24 Hour Security;;Storage Space;Elevator in Building;,,No,Yes,No,Yes,Limited,No,Yes,;Balcony;,Not Available,0,1 Year,1,1,Apartment,$2150,109 Greenpark Close; Halifax; NS; B3S 1R6,Laundry (In Unit),Dishwasher,Fridge / Freezer
;;;24 Hour Security;;Storage Space;;,,No,Yes,No,Yes,Limited,Yes,No,,Not Available,0,1 Year,2 + Den,2,Apartment,$2345,461 Larry Uteck; Halifax; NS; B3M 0H3,Laundry (In Unit),Dishwasher,Fridge / Freezer
,,No,No,No,Yes,Yes,Yes,No,Yard;Balcony;,Not Available,2,1 Year,2,1,Apartment,$1950,11 Equestrian Lane; Upper Hammonds Plains; NS; B4B 1P2,Laundry (In Unit),Dishwasher,Fridge / Freezer
;;;24 Hour Security;;;;,,No,Yes,No,Yes,No,No,No,;Balcony;,600,1,1 Year,1,1,Apartment,$1600,18 Penny Avenue; Halifax; NS,Laundry (In Building),Dishwasher,Fridge / Freezer
;;;;Bicycle Parking;;;,,No,Yes,No,Yes,Yes,No,Outdoors only,Yard;;,750,1,1 Year,1,1,Apartment,$1850,179 Lacewood Dr; Halifax; NS B3M 2N9,Laundry (In Building),,
,Cable / TV;Internet;,Yes,Yes,Yes,No,Limited,Yes,No,Yard;;,950,1,Month-to-month,1 + Den,1,Apartment,$1900,Brook Street; Halifax; NS,Laundry (In Unit),,
Gym;;;;Bicycle Parking;Storage Space;Elevator in Building;,,No,Yes,No,Yes,Limited,No,No,;Balcony;,1;250,0,1 Year,1 + Den,1,Apartment,$2095,333 Main Avenue; Halifax; NS; B3S 0B6,Laundry (In Unit),Dishwasher,Fridge / Freezer
Gym;Pool;Concierge;24 Hour Security;Bicycle Parking;Storage Space;Elevator in Building;,Cable / TV;Internet;,No,No,Yes,Yes,Yes,Yes,No,;Balcony;,989,0,1 Year,2,2,Condo,$3660,1715 Lower Water Street; Halifax; NS,Laundry (In Unit),Dishwasher,Fridge / Freezer
,,No,,,,No,No,Outdoors only,Yard;;,1;800,2,1 Year,3 + Den,3.5,Townhouse,$3200,Halifax; NS B3M 4H2,Laundry (In Building),Dishwasher,Fridge / Freezer
,,No,,,,Yes,No,No,,1;000,0,1 Year,3,1,Basement,$800,Halifax; NS; B3M4M9 ,,,
;;;24 Hour Security;;;;,,No,Yes,No,Yes,No,No,No,;Balcony;,Not Available,0,1 Year,1,1,Apartment,$1995,5511 Charles St.; Halifax; NS; B3K 1K1,Laundry (In Building),,Fridge / Freezer
Gym;;;;;Storage Space;Elevator in Building;,,No,,,,Limited,Yes,No,;Balcony;,848,0,1 Year,1,1,Apartment,$2295,Halifax; NS B3L 1A5,Laundry (In Unit),Dishwasher,Fridge / Freezer
;;;24 Hour Security;;;;,,No,Yes,No,Yes,Limited,No,No,,700,0,1 Year,1,1,Apartment,$1695,3315 Westerwald Street; Halifax; NS,Laundry (In Building),Dishwasher,Fridge / Freezer
,,No,,,,No,No,No,,500,1,1 Year,1 + Den,1,Apartment,Please Contact,6299 South St; Halifax; NS B3H 4J1,,,
,,No,,,,No,Yes,No,,900,0,1 Year,2 + Den,1,Apartment,$2200,3367 Federal Ave; Halifax; B3L 3X5,,,
,,,,,,,,,,,,,,,,Please Contact,6228 Duncan St; Halifax; NS B3L 1K3,,,
,;Internet;,Yes,,,,No,No,No,;Balcony;,1;500,1,1 Year,1,1,Basement,Please Contact,Halifax; NS B3K,Laundry (In Unit),,Fridge / Freezer
,,No,,,,Yes,No,Outdoors only,,2;000,2,1 Year,3 + Den,2.5,House,Please Contact,90 Alderney Dr; Dartmouth; B2Y 4S8; B0J3A0,,,
,,Yes,,,,No,Yes,No,,1,0,Month-to-month,1,2,Apartment,$895,Jennings St; Halifax; NS B3H 2C4,,,
,,No,Yes,No,Yes,No,No,No,,600,0,Month-to-month,1,1,Apartment,$1125,Halifax; NS B3H 2N3,Laundry (In Unit),Dishwasher,Fridge / Freezer
,,No,No,No,Yes,Limited,Yes,No,Yard;Balcony;,900,2,1 Year,3,1,Apartment,Please Contact,Halifax; NS B3R 1B4,Laundry (In Building),Dishwasher,Fridge / Freezer
,,No,,,,Yes,No,Outdoors only,,100,0,1 Year,1,1,Apartment,Please Contact,Halifax; NS B3L 4P3,,,
;;;24 Hour Security;Bicycle Parking;Storage Space;Elevator in Building;,,No,,,,Yes,Yes,Outdoors only,;Balcony;,500,1,1 Year,2,2,Apartment,$2945,5548 Kaye St; Halifax; NS B3K 1Y5,Laundry (In Unit),,
Gym;Pool;;24 Hour Security;;;Elevator in Building;,Cable / TV;;,Yes,Yes,Yes,Yes,Yes,No,No,,555,0,1 Year,1,1,Condo,Please Contact,Duke Street; Halifax; NS,Laundry (In Building),Dishwasher,Fridge / Freezer
,,No,Yes,No,Yes,Limited,No,No,,850,1,1 Year,2,1,Apartment,$1795,Halifax; NS B3R 1R3,Laundry (In Building),,Fridge / Freezer
,,No,,,,Limited,No,Outdoors only,,741,0,1 Year,1 + Den,1,Apartment,$1875,3150 Barrington St; Halifax; NS B3K 0C6,,,
;;;;;Storage Space;Elevator in Building;,,No,Yes,Yes,Yes,No,No,Outdoors only,;Balcony;,450,1,1 Year,Bachelor/Studio,1,Apartment,$1750,Tobin Street; Halifax; NS,Laundry (In Building),Dishwasher,Fridge / Freezer
;;;;;;Elevator in Building;,;Internet;,Yes,Yes,Yes,Yes,Yes,No,Outdoors only,,672,0,1 Year,2,1,Apartment,$1200,5651 Ogilvie St; Halifax; B3H 1B9,Laundry (In Building),,Fridge / Freezer
,,No,No,No,Yes,No,Yes,No,;Balcony;,1;000,1,1 Year,2 + Den,2,Apartment,$2200,Adelaide Avenue; Halifax; NS,Laundry (In Unit),Dishwasher,Fridge / Freezer
;;;;;Storage Space;;,,No,Yes,No,Yes,Limited,No,Yes,,Not Available,1,1 Year,1,1,Apartment,$1839,85 Westgrove; 241 Willett Street; 235 Willett Street; Halifax; NS; B3M 3L7,Laundry (In Building),,Fridge / Freezer
Gym;;Concierge;24 Hour Security;Bicycle Parking;;Elevator in Building;,,No,Yes,No,Yes,Limited,No,No,;Balcony;,Not Available,0,1 Year,1,1,Apartment,Please Contact,1545 / 1551 South Park Street; Halifax; NS; B3J 4B3,Laundry (In Unit),Dishwasher,Fridge / Freezer
;;;;;;Elevator in Building;,,No,Yes,No,Yes,Limited,No,Yes,,Not Available,1,1 Year,2,1,Apartment,Please Contact,30 Ridgevalley Road; Halifax; NS; B3P 2J8,Laundry (In Building),,Fridge / Freezer
;;;;Bicycle Parking;;;,,No,Yes,No,Yes,Limited,No,Yes,;Balcony;,Not Available,0,1 Year,1,1,Apartment,Please Contact,1015 Barrington Street; Halifax; NS; B3H 4R4,Laundry (In Unit),Dishwasher,Fridge / Freezer
,,Yes,No,No,Yes,Limited,No,No,Yard;;,1;600,2,1 Year,3,3,House,$3000,Peggys Cove Road; Indian Harbour; NS,Laundry (In Unit),,
Gym;Pool;;24 Hour Security;Bicycle Parking;Storage Space;Elevator in Building;,,No,,,,Limited,No,Outdoors only,;Balcony;,1,1,Month-to-month,Bachelor/Studio,1,Apartment,$1530,5885 Cunard St; Halifax; NS B3K 1E3,Laundry (In Building),,Fridge / Freezer
Gym;;;;;;;,Cable / TV;Internet;,Yes,Yes,Yes,Yes,Limited,Yes,No,;Balcony;,564,0,Month-to-month,1,1,Condo,$2000,Seymour Street; Halifax; NS,Laundry (In Unit),Dishwasher,Fridge / Freezer
;;;24 Hour Security;;Storage Space;Elevator in Building;,,No,Yes,No,Yes,No,No,Yes,;Balcony;,1;350,1,1 Year,2,2,Apartment,$2095,Halifax; NS B3S 1P4,Laundry (In Unit),,
,,No,,,,Yes,Yes,Outdoors only,,660,1,1 Year,1,1,Apartment,$2045,1030 South Park St; Halifax; NS B3H 2W3,,,
Gym;;;24 Hour Security;Bicycle Parking;Storage Space;Elevator in Building;,,No,,,,No,No,No,,1;036,0,1 Year,1 + Den,2,Condo,$2200,Halifax; NS B3J 3T3,Laundry (In Unit),,
,,No,No,No,Yes,Limited,Yes,No,Yard;;,1;400,3+,1 Year,3,1,House,$2400,Halifax; NS B3N 2B2,Laundry (In Unit),Dishwasher,Fridge / Freezer
,,No,,,,Limited,No,No,,1;000,1,Month-to-month,1,3,House,$775,Coburg Rd; Halifax; B3H 1Z2,,,
,,No,,,,No,Yes,Outdoors only,,1;000,1,1 Year,1,1,Apartment,$1795,52 Supreme Ct; Halifax; NS B3N 2L4,,,
,,No,No,No,Yes,Limited,No,Outdoors only,Yard;;,1;200,3+,Month-to-month,2,1,Apartment,$700,Hacketts Cove; NS B3Z 3K3,Laundry (In Unit),,
,,No,Yes,Yes,Yes,Limited,No,No,Yard;Balcony;,1;200,1,1 Year,2,1,House,$2000,Halifax; NS B3L 2V7,Laundry (In Unit),Dishwasher,Fridge / Freezer
,,No,Yes,No,Yes,No,No,No,Yard;Balcony;,1;800,2,1 Year,3,1.5,Duplex/Triplex,$2650,St Margarets Bay Rd; Lakeside; NS; B3T 1B2,,Dishwasher,Fridge / Freezer
,,Yes,,,,Yes,Yes,Outdoors only,,1;600,1,Month-to-month,2,2,Apartment,$1245,5633 Fenwick St; Halifax; NS B3H 4M2,,,
,Cable / TV;Internet;,Yes,Yes,Yes,Yes,No,Yes,Outdoors only,Yard;Balcony;,1;200,0,1 Year,5+,3,House,$1200,Robie Street; Halifax; NS,Laundry (In Unit),,
,,No,,,,Yes,Yes,No,,500,0,Month-to-month,1,1,Apartment,Please Contact,Barrington St; Halifax; B3J 2A4,,,
,,No,No,No,Yes,Limited,Yes,Outdoors only,,100,0,Month-to-month,2,1,Apartment,$250,South Park Street; Halifax; NS,Laundry (In Building),,Fridge / Freezer
,,No,Yes,Yes,Yes,Yes,Yes,Outdoors only,,800,1,1 Year,2,2,Condo,$2500,429 Parkland Dr; Halifax; NS B3S 1L3,,,
Gym;;;;;;Elevator in Building;,,No,No,No,Yes,Limited,Yes,No,,900,0,1 Year,1,1,Apartment,$1449,1585 Barrington St; Halifax; NS B3J 1Z8,Laundry (In Unit),Dishwasher,Fridge / Freezer
,,No,,,,No,Yes,No,,100,2,1 Year,2,1.5,Apartment,Please Contact,1333 S Park St; Halifax; B3J 2K9,,,
,,No,,,,Limited,Yes,Outdoors only,Yard;Balcony;,2;000,2,1 Year,3 + Den,3.5,Duplex/Triplex,$2600,Gala Court; Halifax; NS B3R 1X4,Laundry (In Unit),Dishwasher,Fridge / Freezer
,,No,,,,Yes,No,No,,1;000,0,1 Year,1 + Den,1,Apartment,$2200,Morris St; Halifax; NS B3J 1C4,,,
,,No,Yes,No,Yes,Limited,No,Outdoors only,,600,0,1 Year,1 + Den,1,Apartment,$1675,South Street; Halifax; NS,Laundry (In Building),,Fridge / Freezer
,,Yes,No,No,Yes,No,No,Outdoors only,;Balcony;,2;500,1,Month-to-month,3,1.5,Condo,$4100,Brunswick Street; Halifax; NS,Laundry (In Unit),,
,;Internet;,No,Yes,Yes,Yes,Limited,Yes,Outdoors only,Yard;Balcony;,500,1,1 Year,Bachelor/Studio,1,Basement,$1000,Smokey Drive; Lower Sackville; NS,Laundry (In Unit),,Fridge / Freezer
Gym;Pool;Concierge;24 Hour Security;;Storage Space;Elevator in Building;,,No,No,No,Yes,Yes,No,Outdoors only,;Balcony;,750,0,1 Year,1,1,Condo,Please Contact,Halifax; NS B3H 2Y1,Laundry (In Building),Dishwasher,Fridge / Freezer
;Pool;;;;;Elevator in Building;,,No,,,,Limited,No,Outdoors only,,920,1,1 Year,2,1,Condo,$2300,Kearney Lake Road; Halifax; NS,Laundry (In Unit),,
,,No,,,,Limited,Yes,Outdoors only,,1;200,1,1 Year,1,1,Apartment,$1795,52 Supreme Ct; Halifax; NS B3N 2L4,,,
,;Internet;,Yes,Yes,Yes,Yes,No,Yes,Outdoors only,Yard;Balcony;,132,1,Month-to-month,1,1,House,$850,Chebucto Road; Halifax; NS,Laundry (In Building),Dishwasher,Fridge / Freezer
Gym;;Concierge;24 Hour Security;;;;,,No,No,No,Yes,Limited,No,Yes,,Not Available,0,1 Year,2,2,Apartment,$3603,1545 / 1551 South Park Street; Halifax; NS; B3J 4B3,Laundry (In Unit),Dishwasher,Fridge / Freezer
,Cable / TV;Internet;,Yes,No,No,Yes,No,Yes,No,;Balcony;,1;700,2,Month-to-month,3,1,House,$3000,Halifax; NS B3M 1C2,Laundry (In Unit),Dishwasher,Fridge / Freezer
,,No,,,,Yes,No,No,,600,1,1 Year,2,1,Apartment,$1600,Agricola St; Halifax; B3K 4C7,,,
;;;;Bicycle Parking;;Elevator in Building;,;Internet;,Yes,Yes,No,Yes,Limited,Yes,No,,550,0,Month-to-month,1,1,Apartment,$1900,5510 Falkland St; Halifax; NS B3K 1A3,Laundry (In Unit),Dishwasher,Fridge / Freezer
;;;;;;Elevator in Building;,,No,Yes,No,Yes,Limited,No,No,;Balcony;,500,0,1 Year,Bachelor/Studio,1,Apartment,$2100,5633 Fenwick St; Halifax; NS; B3H 1R1,Laundry (In Unit),Dishwasher,Fridge / Freezer